run_id,model_scale_id,condition_id,task_regime,P_active,baseline_score,intervention_score,metric,seed,status,notes
SMALL-C000,SMALL,C000,reasoning_verification,,,,bounded_higher_is_better,,PENDING,
SMALL-C000,SMALL,C000,memory_long_horizon,,,,bounded_higher_is_better,,PENDING,
SMALL-C000,SMALL,C000,agentic_world_information,,,,bounded_higher_is_better,,PENDING,
SMALL-C000,SMALL,C000,mixed_open_ended,,,,bounded_higher_is_better,,PENDING,
SMALL-C001,SMALL,C001,reasoning_verification,,,,bounded_higher_is_better,,PENDING,
SMALL-C001,SMALL,C001,memory_long_horizon,,,,bounded_higher_is_better,,PENDING,
SMALL-C001,SMALL,C001,agentic_world_information,,,,bounded_higher_is_better,,PENDING,
SMALL-C001,SMALL,C001,mixed_open_ended,,,,bounded_higher_is_better,,PENDING,
SMALL-C002,SMALL,C002,reasoning_verification,,,,bounded_higher_is_better,,PENDING,
SMALL-C002,SMALL,C002,memory_long_horizon,,,,bounded_higher_is_better,,PENDING,
SMALL-C002,SMALL,C002,agentic_world_information,,,,bounded_higher_is_better,,PENDING,
SMALL-C002,SMALL,C002,mixed_open_ended,,,,bounded_higher_is_better,,PENDING,
SMALL-C003,SMALL,C003,reasoning_verification,,,,bounded_higher_is_better,,PENDING,
SMALL-C003,SMALL,C003,memory_long_horizon,,,,bounded_higher_is_better,,PENDING,
SMALL-C003,SMALL,C003,agentic_world_information,,,,bounded_higher_is_better,,PENDING,
SMALL-C003,SMALL,C003,mixed_open_ended,,,,bounded_higher_is_better,,PENDING,
SMALL-C004,SMALL,C004,reasoning_verification,,,,bounded_higher_is_better,,PENDING,
SMALL-C004,SMALL,C004,memory_long_horizon,,,,bounded_higher_is_better,,PENDING,
SMALL-C004,SMALL,C004,agentic_world_information,,,,bounded_higher_is_better,,PENDING,
SMALL-C004,SMALL,C004,mixed_open_ended,,,,bounded_higher_is_better,,PENDING,
SMALL-C005,SMALL,C005,reasoning_verification,,,,bounded_higher_is_better,,PENDING,
SMALL-C005,SMALL,C005,memory_long_horizon,,,,bounded_higher_is_better,,PENDING,
SMALL-C005,SMALL,C005,agentic_world_information,,,,bounded_higher_is_better,,PENDING,
SMALL-C005,SMALL,C005,mixed_open_ended,,,,bounded_higher_is_better,,PENDING,
SMALL-C006,SMALL,C006,reasoning_verification,,,,bounded_higher_is_better,,PENDING,
SMALL-C006,SMALL,C006,memory_long_horizon,,,,bounded_higher_is_better,,PENDING,
SMALL-C006,SMALL,C006,agentic_world_information,,,,bounded_higher_is_better,,PENDING,
SMALL-C006,SMALL,C006,mixed_open_ended,,,,bounded_higher_is_better,,PENDING,
SMALL-C007,SMALL,C007,reasoning_verification,,,,bounded_higher_is_better,,PENDING,
SMALL-C007,SMALL,C007,memory_long_horizon,,,,bounded_higher_is_better,,PENDING,
SMALL-C007,SMALL,C007,agentic_world_information,,,,bounded_higher_is_better,,PENDING,
SMALL-C007,SMALL,C007,mixed_open_ended,,,,bounded_higher_is_better,,PENDING,
SMALL-C008,SMALL,C008,reasoning_verification,,,,bounded_higher_is_better,,PENDING,
SMALL-C008,SMALL,C008,memory_long_horizon,,,,bounded_higher_is_better,,PENDING,
SMALL-C008,SMALL,C008,agentic_world_information,,,,bounded_higher_is_better,,PENDING,
SMALL-C008,SMALL,C008,mixed_open_ended,,,,bounded_higher_is_better,,PENDING,
SMALL-C009,SMALL,C009,reasoning_verification,,,,bounded_higher_is_better,,PENDING,
SMALL-C009,SMALL,C009,memory_long_horizon,,,,bounded_higher_is_better,,PENDING,
SMALL-C009,SMALL,C009,agentic_world_information,,,,bounded_higher_is_better,,PENDING,
SMALL-C009,SMALL,C009,mixed_open_ended,,,,bounded_higher_is_better,,PENDING,
SMALL-C010,SMALL,C010,reasoning_verification,,,,bounded_higher_is_better,,PENDING,
SMALL-C010,SMALL,C010,memory_long_horizon,,,,bounded_higher_is_better,,PENDING,
SMALL-C010,SMALL,C010,agentic_world_information,,,,bounded_higher_is_better,,PENDING,
SMALL-C010,SMALL,C010,mixed_open_ended,,,,bounded_higher_is_better,,PENDING,
SMALL-C011,SMALL,C011,reasoning_verification,,,,bounded_higher_is_better,,PENDING,
SMALL-C011,SMALL,C011,memory_long_horizon,,,,bounded_higher_is_better,,PENDING,
SMALL-C011,SMALL,C011,agentic_world_information,,,,bounded_higher_is_better,,PENDING,
SMALL-C011,SMALL,C011,mixed_open_ended,,,,bounded_higher_is_better,,PENDING,
SMALL-C012,SMALL,C012,reasoning_verification,,,,bounded_higher_is_better,,PENDING,
SMALL-C012,SMALL,C012,memory_long_horizon,,,,bounded_higher_is_better,,PENDING,
SMALL-C012,SMALL,C012,agentic_world_information,,,,bounded_higher_is_better,,PENDING,
SMALL-C012,SMALL,C012,mixed_open_ended,,,,bounded_higher_is_better,,PENDING,
SMALL-C013,SMALL,C013,reasoning_verification,,,,bounded_higher_is_better,,PENDING,
SMALL-C013,SMALL,C013,memory_long_horizon,,,,bounded_higher_is_better,,PENDING,
SMALL-C013,SMALL,C013,agentic_world_information,,,,bounded_higher_is_better,,PENDING,
SMALL-C013,SMALL,C013,mixed_open_ended,,,,bounded_higher_is_better,,PENDING,
SMALL-C014,SMALL,C014,reasoning_verification,,,,bounded_higher_is_better,,PENDING,
SMALL-C014,SMALL,C014,memory_long_horizon,,,,bounded_higher_is_better,,PENDING,
SMALL-C014,SMALL,C014,agentic_world_information,,,,bounded_higher_is_better,,PENDING,
SMALL-C014,SMALL,C014,mixed_open_ended,,,,bounded_higher_is_better,,PENDING,
SMALL-C015,SMALL,C015,reasoning_verification,,,,bounded_higher_is_better,,PENDING,
SMALL-C015,SMALL,C015,memory_long_horizon,,,,bounded_higher_is_better,,PENDING,
SMALL-C015,SMALL,C015,agentic_world_information,,,,bounded_higher_is_better,,PENDING,
SMALL-C015,SMALL,C015,mixed_open_ended,,,,bounded_higher_is_better,,PENDING,
SMALL-C016,SMALL,C016,reasoning_verification,,,,bounded_higher_is_better,,PENDING,
SMALL-C016,SMALL,C016,memory_long_horizon,,,,bounded_higher_is_better,,PENDING,
SMALL-C016,SMALL,C016,agentic_world_information,,,,bounded_higher_is_better,,PENDING,
SMALL-C016,SMALL,C016,mixed_open_ended,,,,bounded_higher_is_better,,PENDING,
SMALL-C017,SMALL,C017,reasoning_verification,,,,bounded_higher_is_better,,PENDING,
SMALL-C017,SMALL,C017,memory_long_horizon,,,,bounded_higher_is_better,,PENDING,
SMALL-C017,SMALL,C017,agentic_world_information,,,,bounded_higher_is_better,,PENDING,
SMALL-C017,SMALL,C017,mixed_open_ended,,,,bounded_higher_is_better,,PENDING,
SMALL-C018,SMALL,C018,reasoning_verification,,,,bounded_higher_is_better,,PENDING,
SMALL-C018,SMALL,C018,memory_long_horizon,,,,bounded_higher_is_better,,PENDING,
SMALL-C018,SMALL,C018,agentic_world_information,,,,bounded_higher_is_better,,PENDING,
SMALL-C018,SMALL,C018,mixed_open_ended,,,,bounded_higher_is_better,,PENDING,
SMALL-C019,SMALL,C019,reasoning_verification,,,,bounded_higher_is_better,,PENDING,
SMALL-C019,SMALL,C019,memory_long_horizon,,,,bounded_higher_is_better,,PENDING,
SMALL-C019,SMALL,C019,agentic_world_information,,,,bounded_higher_is_better,,PENDING,
SMALL-C019,SMALL,C019,mixed_open_ended,,,,bounded_higher_is_better,,PENDING,
SMALL-C020,SMALL,C020,reasoning_verification,,,,bounded_higher_is_better,,PENDING,
SMALL-C020,SMALL,C020,memory_long_horizon,,,,bounded_higher_is_better,,PENDING,
SMALL-C020,SMALL,C020,agentic_world_information,,,,bounded_higher_is_better,,PENDING,
SMALL-C020,SMALL,C020,mixed_open_ended,,,,bounded_higher_is_better,,PENDING,
SMALL-C021,SMALL,C021,reasoning_verification,,,,bounded_higher_is_better,,PENDING,
SMALL-C021,SMALL,C021,memory_long_horizon,,,,bounded_higher_is_better,,PENDING,
SMALL-C021,SMALL,C021,agentic_world_information,,,,bounded_higher_is_better,,PENDING,
SMALL-C021,SMALL,C021,mixed_open_ended,,,,bounded_higher_is_better,,PENDING,
SMALL-C022,SMALL,C022,reasoning_verification,,,,bounded_higher_is_better,,PENDING,
SMALL-C022,SMALL,C022,memory_long_horizon,,,,bounded_higher_is_better,,PENDING,
SMALL-C022,SMALL,C022,agentic_world_information,,,,bounded_higher_is_better,,PENDING,
SMALL-C022,SMALL,C022,mixed_open_ended,,,,bounded_higher_is_better,,PENDING,
SMALL-C023,SMALL,C023,reasoning_verification,,,,bounded_higher_is_better,,PENDING,
SMALL-C023,SMALL,C023,memory_long_horizon,,,,bounded_higher_is_better,,PENDING,
SMALL-C023,SMALL,C023,agentic_world_information,,,,bounded_higher_is_better,,PENDING,
SMALL-C023,SMALL,C023,mixed_open_ended,,,,bounded_higher_is_better,,PENDING,
SMALL-C024,SMALL,C024,reasoning_verification,,,,bounded_higher_is_better,,PENDING,
SMALL-C024,SMALL,C024,memory_long_horizon,,,,bounded_higher_is_better,,PENDING,
SMALL-C024,SMALL,C024,agentic_world_information,,,,bounded_higher_is_better,,PENDING,
SMALL-C024,SMALL,C024,mixed_open_ended,,,,bounded_higher_is_better,,PENDING,
SMALL-C025,SMALL,C025,reasoning_verification,,,,bounded_higher_is_better,,PENDING,
SMALL-C025,SMALL,C025,memory_long_horizon,,,,bounded_higher_is_better,,PENDING,
SMALL-C025,SMALL,C025,agentic_world_information,,,,bounded_higher_is_better,,PENDING,
SMALL-C025,SMALL,C025,mixed_open_ended,,,,bounded_higher_is_better,,PENDING,
SMALL-C026,SMALL,C026,reasoning_verification,,,,bounded_higher_is_better,,PENDING,
SMALL-C026,SMALL,C026,memory_long_horizon,,,,bounded_higher_is_better,,PENDING,
SMALL-C026,SMALL,C026,agentic_world_information,,,,bounded_higher_is_better,,PENDING,
SMALL-C026,SMALL,C026,mixed_open_ended,,,,bounded_higher_is_better,,PENDING,
SMALL-C027,SMALL,C027,reasoning_verification,,,,bounded_higher_is_better,,PENDING,
SMALL-C027,SMALL,C027,memory_long_horizon,,,,bounded_higher_is_better,,PENDING,
SMALL-C027,SMALL,C027,agentic_world_information,,,,bounded_higher_is_better,,PENDING,
SMALL-C027,SMALL,C027,mixed_open_ended,,,,bounded_higher_is_better,,PENDING,
SMALL-C028,SMALL,C028,reasoning_verification,,,,bounded_higher_is_better,,PENDING,
SMALL-C028,SMALL,C028,memory_long_horizon,,,,bounded_higher_is_better,,PENDING,
SMALL-C028,SMALL,C028,agentic_world_information,,,,bounded_higher_is_better,,PENDING,
SMALL-C028,SMALL,C028,mixed_open_ended,,,,bounded_higher_is_better,,PENDING,
SMALL-C029,SMALL,C029,reasoning_verification,,,,bounded_higher_is_better,,PENDING,
SMALL-C029,SMALL,C029,memory_long_horizon,,,,bounded_higher_is_better,,PENDING,
SMALL-C029,SMALL,C029,agentic_world_information,,,,bounded_higher_is_better,,PENDING,
SMALL-C029,SMALL,C029,mixed_open_ended,,,,bounded_higher_is_better,,PENDING,
SMALL-C030,SMALL,C030,reasoning_verification,,,,bounded_higher_is_better,,PENDING,
SMALL-C030,SMALL,C030,memory_long_horizon,,,,bounded_higher_is_better,,PENDING,
SMALL-C030,SMALL,C030,agentic_world_information,,,,bounded_higher_is_better,,PENDING,
SMALL-C030,SMALL,C030,mixed_open_ended,,,,bounded_higher_is_better,,PENDING,
SMALL-C031,SMALL,C031,reasoning_verification,,,,bounded_higher_is_better,,PENDING,
SMALL-C031,SMALL,C031,memory_long_horizon,,,,bounded_higher_is_better,,PENDING,
SMALL-C031,SMALL,C031,agentic_world_information,,,,bounded_higher_is_better,,PENDING,
SMALL-C031,SMALL,C031,mixed_open_ended,,,,bounded_higher_is_better,,PENDING,
SMALL-C032,SMALL,C032,reasoning_verification,,,,bounded_higher_is_better,,PENDING,
SMALL-C032,SMALL,C032,memory_long_horizon,,,,bounded_higher_is_better,,PENDING,
SMALL-C032,SMALL,C032,agentic_world_information,,,,bounded_higher_is_better,,PENDING,
SMALL-C032,SMALL,C032,mixed_open_ended,,,,bounded_higher_is_better,,PENDING,
SMALL-C033,SMALL,C033,reasoning_verification,,,,bounded_higher_is_better,,PENDING,
SMALL-C033,SMALL,C033,memory_long_horizon,,,,bounded_higher_is_better,,PENDING,
SMALL-C033,SMALL,C033,agentic_world_information,,,,bounded_higher_is_better,,PENDING,
SMALL-C033,SMALL,C033,mixed_open_ended,,,,bounded_higher_is_better,,PENDING,
SMALL-C034,SMALL,C034,reasoning_verification,,,,bounded_higher_is_better,,PENDING,
SMALL-C034,SMALL,C034,memory_long_horizon,,,,bounded_higher_is_better,,PENDING,
SMALL-C034,SMALL,C034,agentic_world_information,,,,bounded_higher_is_better,,PENDING,
SMALL-C034,SMALL,C034,mixed_open_ended,,,,bounded_higher_is_better,,PENDING,
SMALL-C035,SMALL,C035,reasoning_verification,,,,bounded_higher_is_better,,PENDING,
SMALL-C035,SMALL,C035,memory_long_horizon,,,,bounded_higher_is_better,,PENDING,
SMALL-C035,SMALL,C035,agentic_world_information,,,,bounded_higher_is_better,,PENDING,
SMALL-C035,SMALL,C035,mixed_open_ended,,,,bounded_higher_is_better,,PENDING,
SMALL-C036,SMALL,C036,reasoning_verification,,,,bounded_higher_is_better,,PENDING,
SMALL-C036,SMALL,C036,memory_long_horizon,,,,bounded_higher_is_better,,PENDING,
SMALL-C036,SMALL,C036,agentic_world_information,,,,bounded_higher_is_better,,PENDING,
SMALL-C036,SMALL,C036,mixed_open_ended,,,,bounded_higher_is_better,,PENDING,
SMALL-C037,SMALL,C037,reasoning_verification,,,,bounded_higher_is_better,,PENDING,
SMALL-C037,SMALL,C037,memory_long_horizon,,,,bounded_higher_is_better,,PENDING,
SMALL-C037,SMALL,C037,agentic_world_information,,,,bounded_higher_is_better,,PENDING,
SMALL-C037,SMALL,C037,mixed_open_ended,,,,bounded_higher_is_better,,PENDING,
SMALL-C038,SMALL,C038,reasoning_verification,,,,bounded_higher_is_better,,PENDING,
SMALL-C038,SMALL,C038,memory_long_horizon,,,,bounded_higher_is_better,,PENDING,
SMALL-C038,SMALL,C038,agentic_world_information,,,,bounded_higher_is_better,,PENDING,
SMALL-C038,SMALL,C038,mixed_open_ended,,,,bounded_higher_is_better,,PENDING,
SMALL-C039,SMALL,C039,reasoning_verification,,,,bounded_higher_is_better,,PENDING,
SMALL-C039,SMALL,C039,memory_long_horizon,,,,bounded_higher_is_better,,PENDING,
SMALL-C039,SMALL,C039,agentic_world_information,,,,bounded_higher_is_better,,PENDING,
SMALL-C039,SMALL,C039,mixed_open_ended,,,,bounded_higher_is_better,,PENDING,
SMALL-C040,SMALL,C040,reasoning_verification,,,,bounded_higher_is_better,,PENDING,
SMALL-C040,SMALL,C040,memory_long_horizon,,,,bounded_higher_is_better,,PENDING,
SMALL-C040,SMALL,C040,agentic_world_information,,,,bounded_higher_is_better,,PENDING,
SMALL-C040,SMALL,C040,mixed_open_ended,,,,bounded_higher_is_better,,PENDING,
SMALL-C041,SMALL,C041,reasoning_verification,,,,bounded_higher_is_better,,PENDING,
SMALL-C041,SMALL,C041,memory_long_horizon,,,,bounded_higher_is_better,,PENDING,
SMALL-C041,SMALL,C041,agentic_world_information,,,,bounded_higher_is_better,,PENDING,
SMALL-C041,SMALL,C041,mixed_open_ended,,,,bounded_higher_is_better,,PENDING,
SMALL-C042,SMALL,C042,reasoning_verification,,,,bounded_higher_is_better,,PENDING,
SMALL-C042,SMALL,C042,memory_long_horizon,,,,bounded_higher_is_better,,PENDING,
SMALL-C042,SMALL,C042,agentic_world_information,,,,bounded_higher_is_better,,PENDING,
SMALL-C042,SMALL,C042,mixed_open_ended,,,,bounded_higher_is_better,,PENDING,
SMALL-C043,SMALL,C043,reasoning_verification,,,,bounded_higher_is_better,,PENDING,
SMALL-C043,SMALL,C043,memory_long_horizon,,,,bounded_higher_is_better,,PENDING,
SMALL-C043,SMALL,C043,agentic_world_information,,,,bounded_higher_is_better,,PENDING,
SMALL-C043,SMALL,C043,mixed_open_ended,,,,bounded_higher_is_better,,PENDING,
SMALL-C044,SMALL,C044,reasoning_verification,,,,bounded_higher_is_better,,PENDING,
SMALL-C044,SMALL,C044,memory_long_horizon,,,,bounded_higher_is_better,,PENDING,
SMALL-C044,SMALL,C044,agentic_world_information,,,,bounded_higher_is_better,,PENDING,
SMALL-C044,SMALL,C044,mixed_open_ended,,,,bounded_higher_is_better,,PENDING,
SMALL-C045,SMALL,C045,reasoning_verification,,,,bounded_higher_is_better,,PENDING,
SMALL-C045,SMALL,C045,memory_long_horizon,,,,bounded_higher_is_better,,PENDING,
SMALL-C045,SMALL,C045,agentic_world_information,,,,bounded_higher_is_better,,PENDING,
SMALL-C045,SMALL,C045,mixed_open_ended,,,,bounded_higher_is_better,,PENDING,
SMALL-C046,SMALL,C046,reasoning_verification,,,,bounded_higher_is_better,,PENDING,
SMALL-C046,SMALL,C046,memory_long_horizon,,,,bounded_higher_is_better,,PENDING,
SMALL-C046,SMALL,C046,agentic_world_information,,,,bounded_higher_is_better,,PENDING,
SMALL-C046,SMALL,C046,mixed_open_ended,,,,bounded_higher_is_better,,PENDING,
SMALL-C047,SMALL,C047,reasoning_verification,,,,bounded_higher_is_better,,PENDING,
SMALL-C047,SMALL,C047,memory_long_horizon,,,,bounded_higher_is_better,,PENDING,
SMALL-C047,SMALL,C047,agentic_world_information,,,,bounded_higher_is_better,,PENDING,
SMALL-C047,SMALL,C047,mixed_open_ended,,,,bounded_higher_is_better,,PENDING,
SMALL-C048,SMALL,C048,reasoning_verification,,,,bounded_higher_is_better,,PENDING,
SMALL-C048,SMALL,C048,memory_long_horizon,,,,bounded_higher_is_better,,PENDING,
SMALL-C048,SMALL,C048,agentic_world_information,,,,bounded_higher_is_better,,PENDING,
SMALL-C048,SMALL,C048,mixed_open_ended,,,,bounded_higher_is_better,,PENDING,
SMALL-C049,SMALL,C049,reasoning_verification,,,,bounded_higher_is_better,,PENDING,
SMALL-C049,SMALL,C049,memory_long_horizon,,,,bounded_higher_is_better,,PENDING,
SMALL-C049,SMALL,C049,agentic_world_information,,,,bounded_higher_is_better,,PENDING,
SMALL-C049,SMALL,C049,mixed_open_ended,,,,bounded_higher_is_better,,PENDING,
SMALL-C050,SMALL,C050,reasoning_verification,,,,bounded_higher_is_better,,PENDING,
SMALL-C050,SMALL,C050,memory_long_horizon,,,,bounded_higher_is_better,,PENDING,
SMALL-C050,SMALL,C050,agentic_world_information,,,,bounded_higher_is_better,,PENDING,
SMALL-C050,SMALL,C050,mixed_open_ended,,,,bounded_higher_is_better,,PENDING,
SMALL-C051,SMALL,C051,reasoning_verification,,,,bounded_higher_is_better,,PENDING,
SMALL-C051,SMALL,C051,memory_long_horizon,,,,bounded_higher_is_better,,PENDING,
SMALL-C051,SMALL,C051,agentic_world_information,,,,bounded_higher_is_better,,PENDING,
SMALL-C051,SMALL,C051,mixed_open_ended,,,,bounded_higher_is_better,,PENDING,
SMALL-C052,SMALL,C052,reasoning_verification,,,,bounded_higher_is_better,,PENDING,
SMALL-C052,SMALL,C052,memory_long_horizon,,,,bounded_higher_is_better,,PENDING,
SMALL-C052,SMALL,C052,agentic_world_information,,,,bounded_higher_is_better,,PENDING,
SMALL-C052,SMALL,C052,mixed_open_ended,,,,bounded_higher_is_better,,PENDING,
SMALL-C053,SMALL,C053,reasoning_verification,,,,bounded_higher_is_better,,PENDING,
SMALL-C053,SMALL,C053,memory_long_horizon,,,,bounded_higher_is_better,,PENDING,
SMALL-C053,SMALL,C053,agentic_world_information,,,,bounded_higher_is_better,,PENDING,
SMALL-C053,SMALL,C053,mixed_open_ended,,,,bounded_higher_is_better,,PENDING,
SMALL-C054,SMALL,C054,reasoning_verification,,,,bounded_higher_is_better,,PENDING,
SMALL-C054,SMALL,C054,memory_long_horizon,,,,bounded_higher_is_better,,PENDING,
SMALL-C054,SMALL,C054,agentic_world_information,,,,bounded_higher_is_better,,PENDING,
SMALL-C054,SMALL,C054,mixed_open_ended,,,,bounded_higher_is_better,,PENDING,
SMALL-C055,SMALL,C055,reasoning_verification,,,,bounded_higher_is_better,,PENDING,
SMALL-C055,SMALL,C055,memory_long_horizon,,,,bounded_higher_is_better,,PENDING,
SMALL-C055,SMALL,C055,agentic_world_information,,,,bounded_higher_is_better,,PENDING,
SMALL-C055,SMALL,C055,mixed_open_ended,,,,bounded_higher_is_better,,PENDING,
REFERENCE-C000,REFERENCE,C000,reasoning_verification,,,,bounded_higher_is_better,,PENDING,
REFERENCE-C000,REFERENCE,C000,memory_long_horizon,,,,bounded_higher_is_better,,PENDING,
REFERENCE-C000,REFERENCE,C000,agentic_world_information,,,,bounded_higher_is_better,,PENDING,
REFERENCE-C000,REFERENCE,C000,mixed_open_ended,,,,bounded_higher_is_better,,PENDING,
REFERENCE-C001,REFERENCE,C001,reasoning_verification,,,,bounded_higher_is_better,,PENDING,
REFERENCE-C001,REFERENCE,C001,memory_long_horizon,,,,bounded_higher_is_better,,PENDING,
REFERENCE-C001,REFERENCE,C001,agentic_world_information,,,,bounded_higher_is_better,,PENDING,
REFERENCE-C001,REFERENCE,C001,mixed_open_ended,,,,bounded_higher_is_better,,PENDING,
REFERENCE-C002,REFERENCE,C002,reasoning_verification,,,,bounded_higher_is_better,,PENDING,
REFERENCE-C002,REFERENCE,C002,memory_long_horizon,,,,bounded_higher_is_better,,PENDING,
REFERENCE-C002,REFERENCE,C002,agentic_world_information,,,,bounded_higher_is_better,,PENDING,
REFERENCE-C002,REFERENCE,C002,mixed_open_ended,,,,bounded_higher_is_better,,PENDING,
REFERENCE-C003,REFERENCE,C003,reasoning_verification,,,,bounded_higher_is_better,,PENDING,
REFERENCE-C003,REFERENCE,C003,memory_long_horizon,,,,bounded_higher_is_better,,PENDING,
REFERENCE-C003,REFERENCE,C003,agentic_world_information,,,,bounded_higher_is_better,,PENDING,
REFERENCE-C003,REFERENCE,C003,mixed_open_ended,,,,bounded_higher_is_better,,PENDING,
REFERENCE-C004,REFERENCE,C004,reasoning_verification,,,,bounded_higher_is_better,,PENDING,
REFERENCE-C004,REFERENCE,C004,memory_long_horizon,,,,bounded_higher_is_better,,PENDING,
REFERENCE-C004,REFERENCE,C004,agentic_world_information,,,,bounded_higher_is_better,,PENDING,
REFERENCE-C004,REFERENCE,C004,mixed_open_ended,,,,bounded_higher_is_better,,PENDING,
REFERENCE-C005,REFERENCE,C005,reasoning_verification,,,,bounded_higher_is_better,,PENDING,
REFERENCE-C005,REFERENCE,C005,memory_long_horizon,,,,bounded_higher_is_better,,PENDING,
REFERENCE-C005,REFERENCE,C005,agentic_world_information,,,,bounded_higher_is_better,,PENDING,
REFERENCE-C005,REFERENCE,C005,mixed_open_ended,,,,bounded_higher_is_better,,PENDING,
REFERENCE-C006,REFERENCE,C006,reasoning_verification,,,,bounded_higher_is_better,,PENDING,
REFERENCE-C006,REFERENCE,C006,memory_long_horizon,,,,bounded_higher_is_better,,PENDING,
REFERENCE-C006,REFERENCE,C006,agentic_world_information,,,,bounded_higher_is_better,,PENDING,
REFERENCE-C006,REFERENCE,C006,mixed_open_ended,,,,bounded_higher_is_better,,PENDING,
REFERENCE-C007,REFERENCE,C007,reasoning_verification,,,,bounded_higher_is_better,,PENDING,
REFERENCE-C007,REFERENCE,C007,memory_long_horizon,,,,bounded_higher_is_better,,PENDING,
REFERENCE-C007,REFERENCE,C007,agentic_world_information,,,,bounded_higher_is_better,,PENDING,
REFERENCE-C007,REFERENCE,C007,mixed_open_ended,,,,bounded_higher_is_better,,PENDING,
REFERENCE-C008,REFERENCE,C008,reasoning_verification,,,,bounded_higher_is_better,,PENDING,
REFERENCE-C008,REFERENCE,C008,memory_long_horizon,,,,bounded_higher_is_better,,PENDING,
REFERENCE-C008,REFERENCE,C008,agentic_world_information,,,,bounded_higher_is_better,,PENDING,
REFERENCE-C008,REFERENCE,C008,mixed_open_ended,,,,bounded_higher_is_better,,PENDING,
REFERENCE-C009,REFERENCE,C009,reasoning_verification,,,,bounded_higher_is_better,,PENDING,
REFERENCE-C009,REFERENCE,C009,memory_long_horizon,,,,bounded_higher_is_better,,PENDING,
REFERENCE-C009,REFERENCE,C009,agentic_world_information,,,,bounded_higher_is_better,,PENDING,
REFERENCE-C009,REFERENCE,C009,mixed_open_ended,,,,bounded_higher_is_better,,PENDING,
REFERENCE-C010,REFERENCE,C010,reasoning_verification,,,,bounded_higher_is_better,,PENDING,
REFERENCE-C010,REFERENCE,C010,memory_long_horizon,,,,bounded_higher_is_better,,PENDING,
REFERENCE-C010,REFERENCE,C010,agentic_world_information,,,,bounded_higher_is_better,,PENDING,
REFERENCE-C010,REFERENCE,C010,mixed_open_ended,,,,bounded_higher_is_better,,PENDING,
REFERENCE-C011,REFERENCE,C011,reasoning_verification,,,,bounded_higher_is_better,,PENDING,
REFERENCE-C011,REFERENCE,C011,memory_long_horizon,,,,bounded_higher_is_better,,PENDING,
REFERENCE-C011,REFERENCE,C011,agentic_world_information,,,,bounded_higher_is_better,,PENDING,
REFERENCE-C011,REFERENCE,C011,mixed_open_ended,,,,bounded_higher_is_better,,PENDING,
REFERENCE-C012,REFERENCE,C012,reasoning_verification,,,,bounded_higher_is_better,,PENDING,
REFERENCE-C012,REFERENCE,C012,memory_long_horizon,,,,bounded_higher_is_better,,PENDING,
REFERENCE-C012,REFERENCE,C012,agentic_world_information,,,,bounded_higher_is_better,,PENDING,
REFERENCE-C012,REFERENCE,C012,mixed_open_ended,,,,bounded_higher_is_better,,PENDING,
REFERENCE-C013,REFERENCE,C013,reasoning_verification,,,,bounded_higher_is_better,,PENDING,
REFERENCE-C013,REFERENCE,C013,memory_long_horizon,,,,bounded_higher_is_better,,PENDING,
REFERENCE-C013,REFERENCE,C013,agentic_world_information,,,,bounded_higher_is_better,,PENDING,
REFERENCE-C013,REFERENCE,C013,mixed_open_ended,,,,bounded_higher_is_better,,PENDING,
REFERENCE-C014,REFERENCE,C014,reasoning_verification,,,,bounded_higher_is_better,,PENDING,
REFERENCE-C014,REFERENCE,C014,memory_long_horizon,,,,bounded_higher_is_better,,PENDING,
REFERENCE-C014,REFERENCE,C014,agentic_world_information,,,,bounded_higher_is_better,,PENDING,
REFERENCE-C014,REFERENCE,C014,mixed_open_ended,,,,bounded_higher_is_better,,PENDING,
REFERENCE-C015,REFERENCE,C015,reasoning_verification,,,,bounded_higher_is_better,,PENDING,
REFERENCE-C015,REFERENCE,C015,memory_long_horizon,,,,bounded_higher_is_better,,PENDING,
REFERENCE-C015,REFERENCE,C015,agentic_world_information,,,,bounded_higher_is_better,,PENDING,
REFERENCE-C015,REFERENCE,C015,mixed_open_ended,,,,bounded_higher_is_better,,PENDING,
REFERENCE-C016,REFERENCE,C016,reasoning_verification,,,,bounded_higher_is_better,,PENDING,
REFERENCE-C016,REFERENCE,C016,memory_long_horizon,,,,bounded_higher_is_better,,PENDING,
REFERENCE-C016,REFERENCE,C016,agentic_world_information,,,,bounded_higher_is_better,,PENDING,
REFERENCE-C016,REFERENCE,C016,mixed_open_ended,,,,bounded_higher_is_better,,PENDING,
REFERENCE-C017,REFERENCE,C017,reasoning_verification,,,,bounded_higher_is_better,,PENDING,
REFERENCE-C017,REFERENCE,C017,memory_long_horizon,,,,bounded_higher_is_better,,PENDING,
REFERENCE-C017,REFERENCE,C017,agentic_world_information,,,,bounded_higher_is_better,,PENDING,
REFERENCE-C017,REFERENCE,C017,mixed_open_ended,,,,bounded_higher_is_better,,PENDING,
REFERENCE-C018,REFERENCE,C018,reasoning_verification,,,,bounded_higher_is_better,,PENDING,
REFERENCE-C018,REFERENCE,C018,memory_long_horizon,,,,bounded_higher_is_better,,PENDING,
REFERENCE-C018,REFERENCE,C018,agentic_world_information,,,,bounded_higher_is_better,,PENDING,
REFERENCE-C018,REFERENCE,C018,mixed_open_ended,,,,bounded_higher_is_better,,PENDING,
REFERENCE-C019,REFERENCE,C019,reasoning_verification,,,,bounded_higher_is_better,,PENDING,
REFERENCE-C019,REFERENCE,C019,memory_long_horizon,,,,bounded_higher_is_better,,PENDING,
REFERENCE-C019,REFERENCE,C019,agentic_world_information,,,,bounded_higher_is_better,,PENDING,
REFERENCE-C019,REFERENCE,C019,mixed_open_ended,,,,bounded_higher_is_better,,PENDING,
REFERENCE-C020,REFERENCE,C020,reasoning_verification,,,,bounded_higher_is_better,,PENDING,
REFERENCE-C020,REFERENCE,C020,memory_long_horizon,,,,bounded_higher_is_better,,PENDING,
REFERENCE-C020,REFERENCE,C020,agentic_world_information,,,,bounded_higher_is_better,,PENDING,
REFERENCE-C020,REFERENCE,C020,mixed_open_ended,,,,bounded_higher_is_better,,PENDING,
REFERENCE-C021,REFERENCE,C021,reasoning_verification,,,,bounded_higher_is_better,,PENDING,
REFERENCE-C021,REFERENCE,C021,memory_long_horizon,,,,bounded_higher_is_better,,PENDING,
REFERENCE-C021,REFERENCE,C021,agentic_world_information,,,,bounded_higher_is_better,,PENDING,
REFERENCE-C021,REFERENCE,C021,mixed_open_ended,,,,bounded_higher_is_better,,PENDING,
REFERENCE-C022,REFERENCE,C022,reasoning_verification,,,,bounded_higher_is_better,,PENDING,
REFERENCE-C022,REFERENCE,C022,memory_long_horizon,,,,bounded_higher_is_better,,PENDING,
REFERENCE-C022,REFERENCE,C022,agentic_world_information,,,,bounded_higher_is_better,,PENDING,
REFERENCE-C022,REFERENCE,C022,mixed_open_ended,,,,bounded_higher_is_better,,PENDING,
REFERENCE-C023,REFERENCE,C023,reasoning_verification,,,,bounded_higher_is_better,,PENDING,
REFERENCE-C023,REFERENCE,C023,memory_long_horizon,,,,bounded_higher_is_better,,PENDING,
REFERENCE-C023,REFERENCE,C023,agentic_world_information,,,,bounded_higher_is_better,,PENDING,
REFERENCE-C023,REFERENCE,C023,mixed_open_ended,,,,bounded_higher_is_better,,PENDING,
REFERENCE-C024,REFERENCE,C024,reasoning_verification,,,,bounded_higher_is_better,,PENDING,
REFERENCE-C024,REFERENCE,C024,memory_long_horizon,,,,bounded_higher_is_better,,PENDING,
REFERENCE-C024,REFERENCE,C024,agentic_world_information,,,,bounded_higher_is_better,,PENDING,
REFERENCE-C024,REFERENCE,C024,mixed_open_ended,,,,bounded_higher_is_better,,PENDING,
REFERENCE-C025,REFERENCE,C025,reasoning_verification,,,,bounded_higher_is_better,,PENDING,
REFERENCE-C025,REFERENCE,C025,memory_long_horizon,,,,bounded_higher_is_better,,PENDING,
REFERENCE-C025,REFERENCE,C025,agentic_world_information,,,,bounded_higher_is_better,,PENDING,
REFERENCE-C025,REFERENCE,C025,mixed_open_ended,,,,bounded_higher_is_better,,PENDING,
REFERENCE-C026,REFERENCE,C026,reasoning_verification,,,,bounded_higher_is_better,,PENDING,
REFERENCE-C026,REFERENCE,C026,memory_long_horizon,,,,bounded_higher_is_better,,PENDING,
REFERENCE-C026,REFERENCE,C026,agentic_world_information,,,,bounded_higher_is_better,,PENDING,
REFERENCE-C026,REFERENCE,C026,mixed_open_ended,,,,bounded_higher_is_better,,PENDING,
REFERENCE-C027,REFERENCE,C027,reasoning_verification,,,,bounded_higher_is_better,,PENDING,
REFERENCE-C027,REFERENCE,C027,memory_long_horizon,,,,bounded_higher_is_better,,PENDING,
REFERENCE-C027,REFERENCE,C027,agentic_world_information,,,,bounded_higher_is_better,,PENDING,
REFERENCE-C027,REFERENCE,C027,mixed_open_ended,,,,bounded_higher_is_better,,PENDING,
REFERENCE-C028,REFERENCE,C028,reasoning_verification,,,,bounded_higher_is_better,,PENDING,
REFERENCE-C028,REFERENCE,C028,memory_long_horizon,,,,bounded_higher_is_better,,PENDING,
REFERENCE-C028,REFERENCE,C028,agentic_world_information,,,,bounded_higher_is_better,,PENDING,
REFERENCE-C028,REFERENCE,C028,mixed_open_ended,,,,bounded_higher_is_better,,PENDING,
REFERENCE-C029,REFERENCE,C029,reasoning_verification,,,,bounded_higher_is_better,,PENDING,
REFERENCE-C029,REFERENCE,C029,memory_long_horizon,,,,bounded_higher_is_better,,PENDING,
REFERENCE-C029,REFERENCE,C029,agentic_world_information,,,,bounded_higher_is_better,,PENDING,
REFERENCE-C029,REFERENCE,C029,mixed_open_ended,,,,bounded_higher_is_better,,PENDING,
REFERENCE-C030,REFERENCE,C030,reasoning_verification,,,,bounded_higher_is_better,,PENDING,
REFERENCE-C030,REFERENCE,C030,memory_long_horizon,,,,bounded_higher_is_better,,PENDING,
REFERENCE-C030,REFERENCE,C030,agentic_world_information,,,,bounded_higher_is_better,,PENDING,
REFERENCE-C030,REFERENCE,C030,mixed_open_ended,,,,bounded_higher_is_better,,PENDING,
REFERENCE-C031,REFERENCE,C031,reasoning_verification,,,,bounded_higher_is_better,,PENDING,
REFERENCE-C031,REFERENCE,C031,memory_long_horizon,,,,bounded_higher_is_better,,PENDING,
REFERENCE-C031,REFERENCE,C031,agentic_world_information,,,,bounded_higher_is_better,,PENDING,
REFERENCE-C031,REFERENCE,C031,mixed_open_ended,,,,bounded_higher_is_better,,PENDING,
REFERENCE-C032,REFERENCE,C032,reasoning_verification,,,,bounded_higher_is_better,,PENDING,
REFERENCE-C032,REFERENCE,C032,memory_long_horizon,,,,bounded_higher_is_better,,PENDING,
REFERENCE-C032,REFERENCE,C032,agentic_world_information,,,,bounded_higher_is_better,,PENDING,
REFERENCE-C032,REFERENCE,C032,mixed_open_ended,,,,bounded_higher_is_better,,PENDING,
REFERENCE-C033,REFERENCE,C033,reasoning_verification,,,,bounded_higher_is_better,,PENDING,
REFERENCE-C033,REFERENCE,C033,memory_long_horizon,,,,bounded_higher_is_better,,PENDING,
REFERENCE-C033,REFERENCE,C033,agentic_world_information,,,,bounded_higher_is_better,,PENDING,
REFERENCE-C033,REFERENCE,C033,mixed_open_ended,,,,bounded_higher_is_better,,PENDING,
REFERENCE-C034,REFERENCE,C034,reasoning_verification,,,,bounded_higher_is_better,,PENDING,
REFERENCE-C034,REFERENCE,C034,memory_long_horizon,,,,bounded_higher_is_better,,PENDING,
REFERENCE-C034,REFERENCE,C034,agentic_world_information,,,,bounded_higher_is_better,,PENDING,
REFERENCE-C034,REFERENCE,C034,mixed_open_ended,,,,bounded_higher_is_better,,PENDING,
REFERENCE-C035,REFERENCE,C035,reasoning_verification,,,,bounded_higher_is_better,,PENDING,
REFERENCE-C035,REFERENCE,C035,memory_long_horizon,,,,bounded_higher_is_better,,PENDING,
REFERENCE-C035,REFERENCE,C035,agentic_world_information,,,,bounded_higher_is_better,,PENDING,
REFERENCE-C035,REFERENCE,C035,mixed_open_ended,,,,bounded_higher_is_better,,PENDING,
REFERENCE-C036,REFERENCE,C036,reasoning_verification,,,,bounded_higher_is_better,,PENDING,
REFERENCE-C036,REFERENCE,C036,memory_long_horizon,,,,bounded_higher_is_better,,PENDING,
REFERENCE-C036,REFERENCE,C036,agentic_world_information,,,,bounded_higher_is_better,,PENDING,
REFERENCE-C036,REFERENCE,C036,mixed_open_ended,,,,bounded_higher_is_better,,PENDING,
REFERENCE-C037,REFERENCE,C037,reasoning_verification,,,,bounded_higher_is_better,,PENDING,
REFERENCE-C037,REFERENCE,C037,memory_long_horizon,,,,bounded_higher_is_better,,PENDING,
REFERENCE-C037,REFERENCE,C037,agentic_world_information,,,,bounded_higher_is_better,,PENDING,
REFERENCE-C037,REFERENCE,C037,mixed_open_ended,,,,bounded_higher_is_better,,PENDING,
REFERENCE-C038,REFERENCE,C038,reasoning_verification,,,,bounded_higher_is_better,,PENDING,
REFERENCE-C038,REFERENCE,C038,memory_long_horizon,,,,bounded_higher_is_better,,PENDING,
REFERENCE-C038,REFERENCE,C038,agentic_world_information,,,,bounded_higher_is_better,,PENDING,
REFERENCE-C038,REFERENCE,C038,mixed_open_ended,,,,bounded_higher_is_better,,PENDING,
REFERENCE-C039,REFERENCE,C039,reasoning_verification,,,,bounded_higher_is_better,,PENDING,
REFERENCE-C039,REFERENCE,C039,memory_long_horizon,,,,bounded_higher_is_better,,PENDING,
REFERENCE-C039,REFERENCE,C039,agentic_world_information,,,,bounded_higher_is_better,,PENDING,
REFERENCE-C039,REFERENCE,C039,mixed_open_ended,,,,bounded_higher_is_better,,PENDING,
REFERENCE-C040,REFERENCE,C040,reasoning_verification,,,,bounded_higher_is_better,,PENDING,
REFERENCE-C040,REFERENCE,C040,memory_long_horizon,,,,bounded_higher_is_better,,PENDING,
REFERENCE-C040,REFERENCE,C040,agentic_world_information,,,,bounded_higher_is_better,,PENDING,
REFERENCE-C040,REFERENCE,C040,mixed_open_ended,,,,bounded_higher_is_better,,PENDING,
REFERENCE-C041,REFERENCE,C041,reasoning_verification,,,,bounded_higher_is_better,,PENDING,
REFERENCE-C041,REFERENCE,C041,memory_long_horizon,,,,bounded_higher_is_better,,PENDING,
REFERENCE-C041,REFERENCE,C041,agentic_world_information,,,,bounded_higher_is_better,,PENDING,
REFERENCE-C041,REFERENCE,C041,mixed_open_ended,,,,bounded_higher_is_better,,PENDING,
REFERENCE-C042,REFERENCE,C042,reasoning_verification,,,,bounded_higher_is_better,,PENDING,
REFERENCE-C042,REFERENCE,C042,memory_long_horizon,,,,bounded_higher_is_better,,PENDING,
REFERENCE-C042,REFERENCE,C042,agentic_world_information,,,,bounded_higher_is_better,,PENDING,
REFERENCE-C042,REFERENCE,C042,mixed_open_ended,,,,bounded_higher_is_better,,PENDING,
REFERENCE-C043,REFERENCE,C043,reasoning_verification,,,,bounded_higher_is_better,,PENDING,
REFERENCE-C043,REFERENCE,C043,memory_long_horizon,,,,bounded_higher_is_better,,PENDING,
REFERENCE-C043,REFERENCE,C043,agentic_world_information,,,,bounded_higher_is_better,,PENDING,
REFERENCE-C043,REFERENCE,C043,mixed_open_ended,,,,bounded_higher_is_better,,PENDING,
REFERENCE-C044,REFERENCE,C044,reasoning_verification,,,,bounded_higher_is_better,,PENDING,
REFERENCE-C044,REFERENCE,C044,memory_long_horizon,,,,bounded_higher_is_better,,PENDING,
REFERENCE-C044,REFERENCE,C044,agentic_world_information,,,,bounded_higher_is_better,,PENDING,
REFERENCE-C044,REFERENCE,C044,mixed_open_ended,,,,bounded_higher_is_better,,PENDING,
REFERENCE-C045,REFERENCE,C045,reasoning_verification,,,,bounded_higher_is_better,,PENDING,
REFERENCE-C045,REFERENCE,C045,memory_long_horizon,,,,bounded_higher_is_better,,PENDING,
REFERENCE-C045,REFERENCE,C045,agentic_world_information,,,,bounded_higher_is_better,,PENDING,
REFERENCE-C045,REFERENCE,C045,mixed_open_ended,,,,bounded_higher_is_better,,PENDING,
REFERENCE-C046,REFERENCE,C046,reasoning_verification,,,,bounded_higher_is_better,,PENDING,
REFERENCE-C046,REFERENCE,C046,memory_long_horizon,,,,bounded_higher_is_better,,PENDING,
REFERENCE-C046,REFERENCE,C046,agentic_world_information,,,,bounded_higher_is_better,,PENDING,
REFERENCE-C046,REFERENCE,C046,mixed_open_ended,,,,bounded_higher_is_better,,PENDING,
REFERENCE-C047,REFERENCE,C047,reasoning_verification,,,,bounded_higher_is_better,,PENDING,
REFERENCE-C047,REFERENCE,C047,memory_long_horizon,,,,bounded_higher_is_better,,PENDING,
REFERENCE-C047,REFERENCE,C047,agentic_world_information,,,,bounded_higher_is_better,,PENDING,
REFERENCE-C047,REFERENCE,C047,mixed_open_ended,,,,bounded_higher_is_better,,PENDING,
REFERENCE-C048,REFERENCE,C048,reasoning_verification,,,,bounded_higher_is_better,,PENDING,
REFERENCE-C048,REFERENCE,C048,memory_long_horizon,,,,bounded_higher_is_better,,PENDING,
REFERENCE-C048,REFERENCE,C048,agentic_world_information,,,,bounded_higher_is_better,,PENDING,
REFERENCE-C048,REFERENCE,C048,mixed_open_ended,,,,bounded_higher_is_better,,PENDING,
REFERENCE-C049,REFERENCE,C049,reasoning_verification,,,,bounded_higher_is_better,,PENDING,
REFERENCE-C049,REFERENCE,C049,memory_long_horizon,,,,bounded_higher_is_better,,PENDING,
REFERENCE-C049,REFERENCE,C049,agentic_world_information,,,,bounded_higher_is_better,,PENDING,
REFERENCE-C049,REFERENCE,C049,mixed_open_ended,,,,bounded_higher_is_better,,PENDING,
REFERENCE-C050,REFERENCE,C050,reasoning_verification,,,,bounded_higher_is_better,,PENDING,
REFERENCE-C050,REFERENCE,C050,memory_long_horizon,,,,bounded_higher_is_better,,PENDING,
REFERENCE-C050,REFERENCE,C050,agentic_world_information,,,,bounded_higher_is_better,,PENDING,
REFERENCE-C050,REFERENCE,C050,mixed_open_ended,,,,bounded_higher_is_better,,PENDING,
REFERENCE-C051,REFERENCE,C051,reasoning_verification,,,,bounded_higher_is_better,,PENDING,
REFERENCE-C051,REFERENCE,C051,memory_long_horizon,,,,bounded_higher_is_better,,PENDING,
REFERENCE-C051,REFERENCE,C051,agentic_world_information,,,,bounded_higher_is_better,,PENDING,
REFERENCE-C051,REFERENCE,C051,mixed_open_ended,,,,bounded_higher_is_better,,PENDING,
REFERENCE-C052,REFERENCE,C052,reasoning_verification,,,,bounded_higher_is_better,,PENDING,
REFERENCE-C052,REFERENCE,C052,memory_long_horizon,,,,bounded_higher_is_better,,PENDING,
REFERENCE-C052,REFERENCE,C052,agentic_world_information,,,,bounded_higher_is_better,,PENDING,
REFERENCE-C052,REFERENCE,C052,mixed_open_ended,,,,bounded_higher_is_better,,PENDING,
REFERENCE-C053,REFERENCE,C053,reasoning_verification,,,,bounded_higher_is_better,,PENDING,
REFERENCE-C053,REFERENCE,C053,memory_long_horizon,,,,bounded_higher_is_better,,PENDING,
REFERENCE-C053,REFERENCE,C053,agentic_world_information,,,,bounded_higher_is_better,,PENDING,
REFERENCE-C053,REFERENCE,C053,mixed_open_ended,,,,bounded_higher_is_better,,PENDING,
REFERENCE-C054,REFERENCE,C054,reasoning_verification,,,,bounded_higher_is_better,,PENDING,
REFERENCE-C054,REFERENCE,C054,memory_long_horizon,,,,bounded_higher_is_better,,PENDING,
REFERENCE-C054,REFERENCE,C054,agentic_world_information,,,,bounded_higher_is_better,,PENDING,
REFERENCE-C054,REFERENCE,C054,mixed_open_ended,,,,bounded_higher_is_better,,PENDING,
REFERENCE-C055,REFERENCE,C055,reasoning_verification,,,,bounded_higher_is_better,,PENDING,
REFERENCE-C055,REFERENCE,C055,memory_long_horizon,,,,bounded_higher_is_better,,PENDING,
REFERENCE-C055,REFERENCE,C055,agentic_world_information,,,,bounded_higher_is_better,,PENDING,
REFERENCE-C055,REFERENCE,C055,mixed_open_ended,,,,bounded_higher_is_better,,PENDING,
LARGE-C000,LARGE,C000,reasoning_verification,,,,bounded_higher_is_better,,PENDING,
LARGE-C000,LARGE,C000,memory_long_horizon,,,,bounded_higher_is_better,,PENDING,
LARGE-C000,LARGE,C000,agentic_world_information,,,,bounded_higher_is_better,,PENDING,
LARGE-C000,LARGE,C000,mixed_open_ended,,,,bounded_higher_is_better,,PENDING,
LARGE-C001,LARGE,C001,reasoning_verification,,,,bounded_higher_is_better,,PENDING,
LARGE-C001,LARGE,C001,memory_long_horizon,,,,bounded_higher_is_better,,PENDING,
LARGE-C001,LARGE,C001,agentic_world_information,,,,bounded_higher_is_better,,PENDING,
LARGE-C001,LARGE,C001,mixed_open_ended,,,,bounded_higher_is_better,,PENDING,
LARGE-C002,LARGE,C002,reasoning_verification,,,,bounded_higher_is_better,,PENDING,
LARGE-C002,LARGE,C002,memory_long_horizon,,,,bounded_higher_is_better,,PENDING,
LARGE-C002,LARGE,C002,agentic_world_information,,,,bounded_higher_is_better,,PENDING,
LARGE-C002,LARGE,C002,mixed_open_ended,,,,bounded_higher_is_better,,PENDING,
LARGE-C003,LARGE,C003,reasoning_verification,,,,bounded_higher_is_better,,PENDING,
LARGE-C003,LARGE,C003,memory_long_horizon,,,,bounded_higher_is_better,,PENDING,
LARGE-C003,LARGE,C003,agentic_world_information,,,,bounded_higher_is_better,,PENDING,
LARGE-C003,LARGE,C003,mixed_open_ended,,,,bounded_higher_is_better,,PENDING,
LARGE-C004,LARGE,C004,reasoning_verification,,,,bounded_higher_is_better,,PENDING,
LARGE-C004,LARGE,C004,memory_long_horizon,,,,bounded_higher_is_better,,PENDING,
LARGE-C004,LARGE,C004,agentic_world_information,,,,bounded_higher_is_better,,PENDING,
LARGE-C004,LARGE,C004,mixed_open_ended,,,,bounded_higher_is_better,,PENDING,
LARGE-C005,LARGE,C005,reasoning_verification,,,,bounded_higher_is_better,,PENDING,
LARGE-C005,LARGE,C005,memory_long_horizon,,,,bounded_higher_is_better,,PENDING,
LARGE-C005,LARGE,C005,agentic_world_information,,,,bounded_higher_is_better,,PENDING,
LARGE-C005,LARGE,C005,mixed_open_ended,,,,bounded_higher_is_better,,PENDING,
LARGE-C006,LARGE,C006,reasoning_verification,,,,bounded_higher_is_better,,PENDING,
LARGE-C006,LARGE,C006,memory_long_horizon,,,,bounded_higher_is_better,,PENDING,
LARGE-C006,LARGE,C006,agentic_world_information,,,,bounded_higher_is_better,,PENDING,
LARGE-C006,LARGE,C006,mixed_open_ended,,,,bounded_higher_is_better,,PENDING,
LARGE-C007,LARGE,C007,reasoning_verification,,,,bounded_higher_is_better,,PENDING,
LARGE-C007,LARGE,C007,memory_long_horizon,,,,bounded_higher_is_better,,PENDING,
LARGE-C007,LARGE,C007,agentic_world_information,,,,bounded_higher_is_better,,PENDING,
LARGE-C007,LARGE,C007,mixed_open_ended,,,,bounded_higher_is_better,,PENDING,
LARGE-C008,LARGE,C008,reasoning_verification,,,,bounded_higher_is_better,,PENDING,
LARGE-C008,LARGE,C008,memory_long_horizon,,,,bounded_higher_is_better,,PENDING,
LARGE-C008,LARGE,C008,agentic_world_information,,,,bounded_higher_is_better,,PENDING,
LARGE-C008,LARGE,C008,mixed_open_ended,,,,bounded_higher_is_better,,PENDING,
LARGE-C009,LARGE,C009,reasoning_verification,,,,bounded_higher_is_better,,PENDING,
LARGE-C009,LARGE,C009,memory_long_horizon,,,,bounded_higher_is_better,,PENDING,
LARGE-C009,LARGE,C009,agentic_world_information,,,,bounded_higher_is_better,,PENDING,
LARGE-C009,LARGE,C009,mixed_open_ended,,,,bounded_higher_is_better,,PENDING,
LARGE-C010,LARGE,C010,reasoning_verification,,,,bounded_higher_is_better,,PENDING,
LARGE-C010,LARGE,C010,memory_long_horizon,,,,bounded_higher_is_better,,PENDING,
LARGE-C010,LARGE,C010,agentic_world_information,,,,bounded_higher_is_better,,PENDING,
LARGE-C010,LARGE,C010,mixed_open_ended,,,,bounded_higher_is_better,,PENDING,
LARGE-C011,LARGE,C011,reasoning_verification,,,,bounded_higher_is_better,,PENDING,
LARGE-C011,LARGE,C011,memory_long_horizon,,,,bounded_higher_is_better,,PENDING,
LARGE-C011,LARGE,C011,agentic_world_information,,,,bounded_higher_is_better,,PENDING,
LARGE-C011,LARGE,C011,mixed_open_ended,,,,bounded_higher_is_better,,PENDING,
LARGE-C012,LARGE,C012,reasoning_verification,,,,bounded_higher_is_better,,PENDING,
LARGE-C012,LARGE,C012,memory_long_horizon,,,,bounded_higher_is_better,,PENDING,
LARGE-C012,LARGE,C012,agentic_world_information,,,,bounded_higher_is_better,,PENDING,
LARGE-C012,LARGE,C012,mixed_open_ended,,,,bounded_higher_is_better,,PENDING,
LARGE-C013,LARGE,C013,reasoning_verification,,,,bounded_higher_is_better,,PENDING,
LARGE-C013,LARGE,C013,memory_long_horizon,,,,bounded_higher_is_better,,PENDING,
LARGE-C013,LARGE,C013,agentic_world_information,,,,bounded_higher_is_better,,PENDING,
LARGE-C013,LARGE,C013,mixed_open_ended,,,,bounded_higher_is_better,,PENDING,
LARGE-C014,LARGE,C014,reasoning_verification,,,,bounded_higher_is_better,,PENDING,
LARGE-C014,LARGE,C014,memory_long_horizon,,,,bounded_higher_is_better,,PENDING,
LARGE-C014,LARGE,C014,agentic_world_information,,,,bounded_higher_is_better,,PENDING,
LARGE-C014,LARGE,C014,mixed_open_ended,,,,bounded_higher_is_better,,PENDING,
LARGE-C015,LARGE,C015,reasoning_verification,,,,bounded_higher_is_better,,PENDING,
LARGE-C015,LARGE,C015,memory_long_horizon,,,,bounded_higher_is_better,,PENDING,
LARGE-C015,LARGE,C015,agentic_world_information,,,,bounded_higher_is_better,,PENDING,
LARGE-C015,LARGE,C015,mixed_open_ended,,,,bounded_higher_is_better,,PENDING,
LARGE-C016,LARGE,C016,reasoning_verification,,,,bounded_higher_is_better,,PENDING,
LARGE-C016,LARGE,C016,memory_long_horizon,,,,bounded_higher_is_better,,PENDING,
LARGE-C016,LARGE,C016,agentic_world_information,,,,bounded_higher_is_better,,PENDING,
LARGE-C016,LARGE,C016,mixed_open_ended,,,,bounded_higher_is_better,,PENDING,
LARGE-C017,LARGE,C017,reasoning_verification,,,,bounded_higher_is_better,,PENDING,
LARGE-C017,LARGE,C017,memory_long_horizon,,,,bounded_higher_is_better,,PENDING,
LARGE-C017,LARGE,C017,agentic_world_information,,,,bounded_higher_is_better,,PENDING,
LARGE-C017,LARGE,C017,mixed_open_ended,,,,bounded_higher_is_better,,PENDING,
LARGE-C018,LARGE,C018,reasoning_verification,,,,bounded_higher_is_better,,PENDING,
LARGE-C018,LARGE,C018,memory_long_horizon,,,,bounded_higher_is_better,,PENDING,
LARGE-C018,LARGE,C018,agentic_world_information,,,,bounded_higher_is_better,,PENDING,
LARGE-C018,LARGE,C018,mixed_open_ended,,,,bounded_higher_is_better,,PENDING,
LARGE-C019,LARGE,C019,reasoning_verification,,,,bounded_higher_is_better,,PENDING,
LARGE-C019,LARGE,C019,memory_long_horizon,,,,bounded_higher_is_better,,PENDING,
LARGE-C019,LARGE,C019,agentic_world_information,,,,bounded_higher_is_better,,PENDING,
LARGE-C019,LARGE,C019,mixed_open_ended,,,,bounded_higher_is_better,,PENDING,
LARGE-C020,LARGE,C020,reasoning_verification,,,,bounded_higher_is_better,,PENDING,
LARGE-C020,LARGE,C020,memory_long_horizon,,,,bounded_higher_is_better,,PENDING,
LARGE-C020,LARGE,C020,agentic_world_information,,,,bounded_higher_is_better,,PENDING,
LARGE-C020,LARGE,C020,mixed_open_ended,,,,bounded_higher_is_better,,PENDING,
LARGE-C021,LARGE,C021,reasoning_verification,,,,bounded_higher_is_better,,PENDING,
LARGE-C021,LARGE,C021,memory_long_horizon,,,,bounded_higher_is_better,,PENDING,
LARGE-C021,LARGE,C021,agentic_world_information,,,,bounded_higher_is_better,,PENDING,
LARGE-C021,LARGE,C021,mixed_open_ended,,,,bounded_higher_is_better,,PENDING,
LARGE-C022,LARGE,C022,reasoning_verification,,,,bounded_higher_is_better,,PENDING,
LARGE-C022,LARGE,C022,memory_long_horizon,,,,bounded_higher_is_better,,PENDING,
LARGE-C022,LARGE,C022,agentic_world_information,,,,bounded_higher_is_better,,PENDING,
LARGE-C022,LARGE,C022,mixed_open_ended,,,,bounded_higher_is_better,,PENDING,
LARGE-C023,LARGE,C023,reasoning_verification,,,,bounded_higher_is_better,,PENDING,
LARGE-C023,LARGE,C023,memory_long_horizon,,,,bounded_higher_is_better,,PENDING,
LARGE-C023,LARGE,C023,agentic_world_information,,,,bounded_higher_is_better,,PENDING,
LARGE-C023,LARGE,C023,mixed_open_ended,,,,bounded_higher_is_better,,PENDING,
LARGE-C024,LARGE,C024,reasoning_verification,,,,bounded_higher_is_better,,PENDING,
LARGE-C024,LARGE,C024,memory_long_horizon,,,,bounded_higher_is_better,,PENDING,
LARGE-C024,LARGE,C024,agentic_world_information,,,,bounded_higher_is_better,,PENDING,
LARGE-C024,LARGE,C024,mixed_open_ended,,,,bounded_higher_is_better,,PENDING,
LARGE-C025,LARGE,C025,reasoning_verification,,,,bounded_higher_is_better,,PENDING,
LARGE-C025,LARGE,C025,memory_long_horizon,,,,bounded_higher_is_better,,PENDING,
LARGE-C025,LARGE,C025,agentic_world_information,,,,bounded_higher_is_better,,PENDING,
LARGE-C025,LARGE,C025,mixed_open_ended,,,,bounded_higher_is_better,,PENDING,
LARGE-C026,LARGE,C026,reasoning_verification,,,,bounded_higher_is_better,,PENDING,
LARGE-C026,LARGE,C026,memory_long_horizon,,,,bounded_higher_is_better,,PENDING,
LARGE-C026,LARGE,C026,agentic_world_information,,,,bounded_higher_is_better,,PENDING,
LARGE-C026,LARGE,C026,mixed_open_ended,,,,bounded_higher_is_better,,PENDING,
LARGE-C027,LARGE,C027,reasoning_verification,,,,bounded_higher_is_better,,PENDING,
LARGE-C027,LARGE,C027,memory_long_horizon,,,,bounded_higher_is_better,,PENDING,
LARGE-C027,LARGE,C027,agentic_world_information,,,,bounded_higher_is_better,,PENDING,
LARGE-C027,LARGE,C027,mixed_open_ended,,,,bounded_higher_is_better,,PENDING,
LARGE-C028,LARGE,C028,reasoning_verification,,,,bounded_higher_is_better,,PENDING,
LARGE-C028,LARGE,C028,memory_long_horizon,,,,bounded_higher_is_better,,PENDING,
LARGE-C028,LARGE,C028,agentic_world_information,,,,bounded_higher_is_better,,PENDING,
LARGE-C028,LARGE,C028,mixed_open_ended,,,,bounded_higher_is_better,,PENDING,
LARGE-C029,LARGE,C029,reasoning_verification,,,,bounded_higher_is_better,,PENDING,
LARGE-C029,LARGE,C029,memory_long_horizon,,,,bounded_higher_is_better,,PENDING,
LARGE-C029,LARGE,C029,agentic_world_information,,,,bounded_higher_is_better,,PENDING,
LARGE-C029,LARGE,C029,mixed_open_ended,,,,bounded_higher_is_better,,PENDING,
LARGE-C030,LARGE,C030,reasoning_verification,,,,bounded_higher_is_better,,PENDING,
LARGE-C030,LARGE,C030,memory_long_horizon,,,,bounded_higher_is_better,,PENDING,
LARGE-C030,LARGE,C030,agentic_world_information,,,,bounded_higher_is_better,,PENDING,
LARGE-C030,LARGE,C030,mixed_open_ended,,,,bounded_higher_is_better,,PENDING,
LARGE-C031,LARGE,C031,reasoning_verification,,,,bounded_higher_is_better,,PENDING,
LARGE-C031,LARGE,C031,memory_long_horizon,,,,bounded_higher_is_better,,PENDING,
LARGE-C031,LARGE,C031,agentic_world_information,,,,bounded_higher_is_better,,PENDING,
LARGE-C031,LARGE,C031,mixed_open_ended,,,,bounded_higher_is_better,,PENDING,
LARGE-C032,LARGE,C032,reasoning_verification,,,,bounded_higher_is_better,,PENDING,
LARGE-C032,LARGE,C032,memory_long_horizon,,,,bounded_higher_is_better,,PENDING,
LARGE-C032,LARGE,C032,agentic_world_information,,,,bounded_higher_is_better,,PENDING,
LARGE-C032,LARGE,C032,mixed_open_ended,,,,bounded_higher_is_better,,PENDING,
LARGE-C033,LARGE,C033,reasoning_verification,,,,bounded_higher_is_better,,PENDING,
LARGE-C033,LARGE,C033,memory_long_horizon,,,,bounded_higher_is_better,,PENDING,
LARGE-C033,LARGE,C033,agentic_world_information,,,,bounded_higher_is_better,,PENDING,
LARGE-C033,LARGE,C033,mixed_open_ended,,,,bounded_higher_is_better,,PENDING,
LARGE-C034,LARGE,C034,reasoning_verification,,,,bounded_higher_is_better,,PENDING,
LARGE-C034,LARGE,C034,memory_long_horizon,,,,bounded_higher_is_better,,PENDING,
LARGE-C034,LARGE,C034,agentic_world_information,,,,bounded_higher_is_better,,PENDING,
LARGE-C034,LARGE,C034,mixed_open_ended,,,,bounded_higher_is_better,,PENDING,
LARGE-C035,LARGE,C035,reasoning_verification,,,,bounded_higher_is_better,,PENDING,
LARGE-C035,LARGE,C035,memory_long_horizon,,,,bounded_higher_is_better,,PENDING,
LARGE-C035,LARGE,C035,agentic_world_information,,,,bounded_higher_is_better,,PENDING,
LARGE-C035,LARGE,C035,mixed_open_ended,,,,bounded_higher_is_better,,PENDING,
LARGE-C036,LARGE,C036,reasoning_verification,,,,bounded_higher_is_better,,PENDING,
LARGE-C036,LARGE,C036,memory_long_horizon,,,,bounded_higher_is_better,,PENDING,
LARGE-C036,LARGE,C036,agentic_world_information,,,,bounded_higher_is_better,,PENDING,
LARGE-C036,LARGE,C036,mixed_open_ended,,,,bounded_higher_is_better,,PENDING,
LARGE-C037,LARGE,C037,reasoning_verification,,,,bounded_higher_is_better,,PENDING,
LARGE-C037,LARGE,C037,memory_long_horizon,,,,bounded_higher_is_better,,PENDING,
LARGE-C037,LARGE,C037,agentic_world_information,,,,bounded_higher_is_better,,PENDING,
LARGE-C037,LARGE,C037,mixed_open_ended,,,,bounded_higher_is_better,,PENDING,
LARGE-C038,LARGE,C038,reasoning_verification,,,,bounded_higher_is_better,,PENDING,
LARGE-C038,LARGE,C038,memory_long_horizon,,,,bounded_higher_is_better,,PENDING,
LARGE-C038,LARGE,C038,agentic_world_information,,,,bounded_higher_is_better,,PENDING,
LARGE-C038,LARGE,C038,mixed_open_ended,,,,bounded_higher_is_better,,PENDING,
LARGE-C039,LARGE,C039,reasoning_verification,,,,bounded_higher_is_better,,PENDING,
LARGE-C039,LARGE,C039,memory_long_horizon,,,,bounded_higher_is_better,,PENDING,
LARGE-C039,LARGE,C039,agentic_world_information,,,,bounded_higher_is_better,,PENDING,
LARGE-C039,LARGE,C039,mixed_open_ended,,,,bounded_higher_is_better,,PENDING,
LARGE-C040,LARGE,C040,reasoning_verification,,,,bounded_higher_is_better,,PENDING,
LARGE-C040,LARGE,C040,memory_long_horizon,,,,bounded_higher_is_better,,PENDING,
LARGE-C040,LARGE,C040,agentic_world_information,,,,bounded_higher_is_better,,PENDING,
LARGE-C040,LARGE,C040,mixed_open_ended,,,,bounded_higher_is_better,,PENDING,
LARGE-C041,LARGE,C041,reasoning_verification,,,,bounded_higher_is_better,,PENDING,
LARGE-C041,LARGE,C041,memory_long_horizon,,,,bounded_higher_is_better,,PENDING,
LARGE-C041,LARGE,C041,agentic_world_information,,,,bounded_higher_is_better,,PENDING,
LARGE-C041,LARGE,C041,mixed_open_ended,,,,bounded_higher_is_better,,PENDING,
LARGE-C042,LARGE,C042,reasoning_verification,,,,bounded_higher_is_better,,PENDING,
LARGE-C042,LARGE,C042,memory_long_horizon,,,,bounded_higher_is_better,,PENDING,
LARGE-C042,LARGE,C042,agentic_world_information,,,,bounded_higher_is_better,,PENDING,
LARGE-C042,LARGE,C042,mixed_open_ended,,,,bounded_higher_is_better,,PENDING,
LARGE-C043,LARGE,C043,reasoning_verification,,,,bounded_higher_is_better,,PENDING,
LARGE-C043,LARGE,C043,memory_long_horizon,,,,bounded_higher_is_better,,PENDING,
LARGE-C043,LARGE,C043,agentic_world_information,,,,bounded_higher_is_better,,PENDING,
LARGE-C043,LARGE,C043,mixed_open_ended,,,,bounded_higher_is_better,,PENDING,
LARGE-C044,LARGE,C044,reasoning_verification,,,,bounded_higher_is_better,,PENDING,
LARGE-C044,LARGE,C044,memory_long_horizon,,,,bounded_higher_is_better,,PENDING,
LARGE-C044,LARGE,C044,agentic_world_information,,,,bounded_higher_is_better,,PENDING,
LARGE-C044,LARGE,C044,mixed_open_ended,,,,bounded_higher_is_better,,PENDING,
LARGE-C045,LARGE,C045,reasoning_verification,,,,bounded_higher_is_better,,PENDING,
LARGE-C045,LARGE,C045,memory_long_horizon,,,,bounded_higher_is_better,,PENDING,
LARGE-C045,LARGE,C045,agentic_world_information,,,,bounded_higher_is_better,,PENDING,
LARGE-C045,LARGE,C045,mixed_open_ended,,,,bounded_higher_is_better,,PENDING,
LARGE-C046,LARGE,C046,reasoning_verification,,,,bounded_higher_is_better,,PENDING,
LARGE-C046,LARGE,C046,memory_long_horizon,,,,bounded_higher_is_better,,PENDING,
LARGE-C046,LARGE,C046,agentic_world_information,,,,bounded_higher_is_better,,PENDING,
LARGE-C046,LARGE,C046,mixed_open_ended,,,,bounded_higher_is_better,,PENDING,
LARGE-C047,LARGE,C047,reasoning_verification,,,,bounded_higher_is_better,,PENDING,
LARGE-C047,LARGE,C047,memory_long_horizon,,,,bounded_higher_is_better,,PENDING,
LARGE-C047,LARGE,C047,agentic_world_information,,,,bounded_higher_is_better,,PENDING,
LARGE-C047,LARGE,C047,mixed_open_ended,,,,bounded_higher_is_better,,PENDING,
LARGE-C048,LARGE,C048,reasoning_verification,,,,bounded_higher_is_better,,PENDING,
LARGE-C048,LARGE,C048,memory_long_horizon,,,,bounded_higher_is_better,,PENDING,
LARGE-C048,LARGE,C048,agentic_world_information,,,,bounded_higher_is_better,,PENDING,
LARGE-C048,LARGE,C048,mixed_open_ended,,,,bounded_higher_is_better,,PENDING,
LARGE-C049,LARGE,C049,reasoning_verification,,,,bounded_higher_is_better,,PENDING,
LARGE-C049,LARGE,C049,memory_long_horizon,,,,bounded_higher_is_better,,PENDING,
LARGE-C049,LARGE,C049,agentic_world_information,,,,bounded_higher_is_better,,PENDING,
LARGE-C049,LARGE,C049,mixed_open_ended,,,,bounded_higher_is_better,,PENDING,
LARGE-C050,LARGE,C050,reasoning_verification,,,,bounded_higher_is_better,,PENDING,
LARGE-C050,LARGE,C050,memory_long_horizon,,,,bounded_higher_is_better,,PENDING,
LARGE-C050,LARGE,C050,agentic_world_information,,,,bounded_higher_is_better,,PENDING,
LARGE-C050,LARGE,C050,mixed_open_ended,,,,bounded_higher_is_better,,PENDING,
LARGE-C051,LARGE,C051,reasoning_verification,,,,bounded_higher_is_better,,PENDING,
LARGE-C051,LARGE,C051,memory_long_horizon,,,,bounded_higher_is_better,,PENDING,
LARGE-C051,LARGE,C051,agentic_world_information,,,,bounded_higher_is_better,,PENDING,
LARGE-C051,LARGE,C051,mixed_open_ended,,,,bounded_higher_is_better,,PENDING,
LARGE-C052,LARGE,C052,reasoning_verification,,,,bounded_higher_is_better,,PENDING,
LARGE-C052,LARGE,C052,memory_long_horizon,,,,bounded_higher_is_better,,PENDING,
LARGE-C052,LARGE,C052,agentic_world_information,,,,bounded_higher_is_better,,PENDING,
LARGE-C052,LARGE,C052,mixed_open_ended,,,,bounded_higher_is_better,,PENDING,
LARGE-C053,LARGE,C053,reasoning_verification,,,,bounded_higher_is_better,,PENDING,
LARGE-C053,LARGE,C053,memory_long_horizon,,,,bounded_higher_is_better,,PENDING,
LARGE-C053,LARGE,C053,agentic_world_information,,,,bounded_higher_is_better,,PENDING,
LARGE-C053,LARGE,C053,mixed_open_ended,,,,bounded_higher_is_better,,PENDING,
LARGE-C054,LARGE,C054,reasoning_verification,,,,bounded_higher_is_better,,PENDING,
LARGE-C054,LARGE,C054,memory_long_horizon,,,,bounded_higher_is_better,,PENDING,
LARGE-C054,LARGE,C054,agentic_world_information,,,,bounded_higher_is_better,,PENDING,
LARGE-C054,LARGE,C054,mixed_open_ended,,,,bounded_higher_is_better,,PENDING,
LARGE-C055,LARGE,C055,reasoning_verification,,,,bounded_higher_is_better,,PENDING,
LARGE-C055,LARGE,C055,memory_long_horizon,,,,bounded_higher_is_better,,PENDING,
LARGE-C055,LARGE,C055,agentic_world_information,,,,bounded_higher_is_better,,PENDING,
LARGE-C055,LARGE,C055,mixed_open_ended,,,,bounded_higher_is_better,,PENDING,
