run_id,model_scale_id,condition_id,stage,p_code,budget_R,z_R,budget_V,z_V,budget_M,z_M,budget_W,z_W,budget_E,z_E
SMALL-C000,SMALL,C000,A_FULL_FACTORIAL,-1,0,0.0,0,0.0,0,0.0,0,0.0,0,0.0
SMALL-C001,SMALL,C001,A_FULL_FACTORIAL,-1,0,0.0,0,0.0,0,0.0,0,0.0,6,2.0
SMALL-C002,SMALL,C002,A_FULL_FACTORIAL,-1,0,0.0,0,0.0,0,0.0,12,2.0,0,0.0
SMALL-C003,SMALL,C003,A_FULL_FACTORIAL,-1,0,0.0,0,0.0,0,0.0,12,2.0,6,2.0
SMALL-C004,SMALL,C004,A_FULL_FACTORIAL,-1,0,0.0,0,0.0,98304,2.0,0,0.0,0,0.0
SMALL-C005,SMALL,C005,A_FULL_FACTORIAL,-1,0,0.0,0,0.0,98304,2.0,0,0.0,6,2.0
SMALL-C006,SMALL,C006,A_FULL_FACTORIAL,-1,0,0.0,0,0.0,98304,2.0,12,2.0,0,0.0
SMALL-C007,SMALL,C007,A_FULL_FACTORIAL,-1,0,0.0,0,0.0,98304,2.0,12,2.0,6,2.0
SMALL-C008,SMALL,C008,A_FULL_FACTORIAL,-1,0,0.0,12,2.0,0,0.0,0,0.0,0,0.0
SMALL-C009,SMALL,C009,A_FULL_FACTORIAL,-1,0,0.0,12,2.0,0,0.0,0,0.0,6,2.0
SMALL-C010,SMALL,C010,A_FULL_FACTORIAL,-1,0,0.0,12,2.0,0,0.0,12,2.0,0,0.0
SMALL-C011,SMALL,C011,A_FULL_FACTORIAL,-1,0,0.0,12,2.0,0,0.0,12,2.0,6,2.0
SMALL-C012,SMALL,C012,A_FULL_FACTORIAL,-1,0,0.0,12,2.0,98304,2.0,0,0.0,0,0.0
SMALL-C013,SMALL,C013,A_FULL_FACTORIAL,-1,0,0.0,12,2.0,98304,2.0,0,0.0,6,2.0
SMALL-C014,SMALL,C014,A_FULL_FACTORIAL,-1,0,0.0,12,2.0,98304,2.0,12,2.0,0,0.0
SMALL-C015,SMALL,C015,A_FULL_FACTORIAL,-1,0,0.0,12,2.0,98304,2.0,12,2.0,6,2.0
SMALL-C016,SMALL,C016,A_FULL_FACTORIAL,-1,24,2.0,0,0.0,0,0.0,0,0.0,0,0.0
SMALL-C017,SMALL,C017,A_FULL_FACTORIAL,-1,24,2.0,0,0.0,0,0.0,0,0.0,6,2.0
SMALL-C018,SMALL,C018,A_FULL_FACTORIAL,-1,24,2.0,0,0.0,0,0.0,12,2.0,0,0.0
SMALL-C019,SMALL,C019,A_FULL_FACTORIAL,-1,24,2.0,0,0.0,0,0.0,12,2.0,6,2.0
SMALL-C020,SMALL,C020,A_FULL_FACTORIAL,-1,24,2.0,0,0.0,98304,2.0,0,0.0,0,0.0
SMALL-C021,SMALL,C021,A_FULL_FACTORIAL,-1,24,2.0,0,0.0,98304,2.0,0,0.0,6,2.0
SMALL-C022,SMALL,C022,A_FULL_FACTORIAL,-1,24,2.0,0,0.0,98304,2.0,12,2.0,0,0.0
SMALL-C023,SMALL,C023,A_FULL_FACTORIAL,-1,24,2.0,0,0.0,98304,2.0,12,2.0,6,2.0
SMALL-C024,SMALL,C024,A_FULL_FACTORIAL,-1,24,2.0,12,2.0,0,0.0,0,0.0,0,0.0
SMALL-C025,SMALL,C025,A_FULL_FACTORIAL,-1,24,2.0,12,2.0,0,0.0,0,0.0,6,2.0
SMALL-C026,SMALL,C026,A_FULL_FACTORIAL,-1,24,2.0,12,2.0,0,0.0,12,2.0,0,0.0
SMALL-C027,SMALL,C027,A_FULL_FACTORIAL,-1,24,2.0,12,2.0,0,0.0,12,2.0,6,2.0
SMALL-C028,SMALL,C028,A_FULL_FACTORIAL,-1,24,2.0,12,2.0,98304,2.0,0,0.0,0,0.0
SMALL-C029,SMALL,C029,A_FULL_FACTORIAL,-1,24,2.0,12,2.0,98304,2.0,0,0.0,6,2.0
SMALL-C030,SMALL,C030,A_FULL_FACTORIAL,-1,24,2.0,12,2.0,98304,2.0,12,2.0,0,0.0
SMALL-C031,SMALL,C031,A_FULL_FACTORIAL,-1,24,2.0,12,2.0,98304,2.0,12,2.0,6,2.0
SMALL-C032,SMALL,C032,B_AXIAL,-1,0,0.0,4,1.0,32768,1.0,4,1.0,2,1.0
SMALL-C033,SMALL,C033,B_AXIAL,-1,24,2.0,4,1.0,32768,1.0,4,1.0,2,1.0
SMALL-C034,SMALL,C034,B_AXIAL,-1,8,1.0,0,0.0,32768,1.0,4,1.0,2,1.0
SMALL-C035,SMALL,C035,B_AXIAL,-1,8,1.0,12,2.0,32768,1.0,4,1.0,2,1.0
SMALL-C036,SMALL,C036,B_AXIAL,-1,8,1.0,4,1.0,0,0.0,4,1.0,2,1.0
SMALL-C037,SMALL,C037,B_AXIAL,-1,8,1.0,4,1.0,98304,2.0,4,1.0,2,1.0
SMALL-C038,SMALL,C038,B_AXIAL,-1,8,1.0,4,1.0,32768,1.0,0,0.0,2,1.0
SMALL-C039,SMALL,C039,B_AXIAL,-1,8,1.0,4,1.0,32768,1.0,12,2.0,2,1.0
SMALL-C040,SMALL,C040,B_AXIAL,-1,8,1.0,4,1.0,32768,1.0,4,1.0,0,0.0
SMALL-C041,SMALL,C041,B_AXIAL,-1,8,1.0,4,1.0,32768,1.0,4,1.0,6,2.0
SMALL-C042,SMALL,C042,B_CENTER_REPLICATE,-1,8,1.0,4,1.0,32768,1.0,4,1.0,2,1.0
SMALL-C043,SMALL,C043,B_CENTER_REPLICATE,-1,8,1.0,4,1.0,32768,1.0,4,1.0,2,1.0
SMALL-C044,SMALL,C044,B_CENTER_REPLICATE,-1,8,1.0,4,1.0,32768,1.0,4,1.0,2,1.0
SMALL-C045,SMALL,C045,B_CENTER_REPLICATE,-1,8,1.0,4,1.0,32768,1.0,4,1.0,2,1.0
SMALL-C046,SMALL,C046,B_CENTER_REPLICATE,-1,8,1.0,4,1.0,32768,1.0,4,1.0,2,1.0
SMALL-C047,SMALL,C047,B_CENTER_REPLICATE,-1,8,1.0,4,1.0,32768,1.0,4,1.0,2,1.0
SMALL-C048,SMALL,C048,B_ALL_OFF_REPLICATE,-1,0,0.0,0,0.0,0,0.0,0,0.0,0,0.0
SMALL-C049,SMALL,C049,B_ALL_OFF_REPLICATE,-1,0,0.0,0,0.0,0,0.0,0,0.0,0,0.0
SMALL-C050,SMALL,C050,B_ALL_OFF_REPLICATE,-1,0,0.0,0,0.0,0,0.0,0,0.0,0,0.0
SMALL-C051,SMALL,C051,B_ALL_OFF_REPLICATE,-1,0,0.0,0,0.0,0,0.0,0,0.0,0,0.0
SMALL-C052,SMALL,C052,B_ALL_HIGH_REPLICATE,-1,24,2.0,12,2.0,98304,2.0,12,2.0,6,2.0
SMALL-C053,SMALL,C053,B_ALL_HIGH_REPLICATE,-1,24,2.0,12,2.0,98304,2.0,12,2.0,6,2.0
SMALL-C054,SMALL,C054,B_ALL_HIGH_REPLICATE,-1,24,2.0,12,2.0,98304,2.0,12,2.0,6,2.0
SMALL-C055,SMALL,C055,B_ALL_HIGH_REPLICATE,-1,24,2.0,12,2.0,98304,2.0,12,2.0,6,2.0
REFERENCE-C000,REFERENCE,C000,A_FULL_FACTORIAL,0,0,0.0,0,0.0,0,0.0,0,0.0,0,0.0
REFERENCE-C001,REFERENCE,C001,A_FULL_FACTORIAL,0,0,0.0,0,0.0,0,0.0,0,0.0,6,2.0
REFERENCE-C002,REFERENCE,C002,A_FULL_FACTORIAL,0,0,0.0,0,0.0,0,0.0,12,2.0,0,0.0
REFERENCE-C003,REFERENCE,C003,A_FULL_FACTORIAL,0,0,0.0,0,0.0,0,0.0,12,2.0,6,2.0
REFERENCE-C004,REFERENCE,C004,A_FULL_FACTORIAL,0,0,0.0,0,0.0,98304,2.0,0,0.0,0,0.0
REFERENCE-C005,REFERENCE,C005,A_FULL_FACTORIAL,0,0,0.0,0,0.0,98304,2.0,0,0.0,6,2.0
REFERENCE-C006,REFERENCE,C006,A_FULL_FACTORIAL,0,0,0.0,0,0.0,98304,2.0,12,2.0,0,0.0
REFERENCE-C007,REFERENCE,C007,A_FULL_FACTORIAL,0,0,0.0,0,0.0,98304,2.0,12,2.0,6,2.0
REFERENCE-C008,REFERENCE,C008,A_FULL_FACTORIAL,0,0,0.0,12,2.0,0,0.0,0,0.0,0,0.0
REFERENCE-C009,REFERENCE,C009,A_FULL_FACTORIAL,0,0,0.0,12,2.0,0,0.0,0,0.0,6,2.0
REFERENCE-C010,REFERENCE,C010,A_FULL_FACTORIAL,0,0,0.0,12,2.0,0,0.0,12,2.0,0,0.0
REFERENCE-C011,REFERENCE,C011,A_FULL_FACTORIAL,0,0,0.0,12,2.0,0,0.0,12,2.0,6,2.0
REFERENCE-C012,REFERENCE,C012,A_FULL_FACTORIAL,0,0,0.0,12,2.0,98304,2.0,0,0.0,0,0.0
REFERENCE-C013,REFERENCE,C013,A_FULL_FACTORIAL,0,0,0.0,12,2.0,98304,2.0,0,0.0,6,2.0
REFERENCE-C014,REFERENCE,C014,A_FULL_FACTORIAL,0,0,0.0,12,2.0,98304,2.0,12,2.0,0,0.0
REFERENCE-C015,REFERENCE,C015,A_FULL_FACTORIAL,0,0,0.0,12,2.0,98304,2.0,12,2.0,6,2.0
REFERENCE-C016,REFERENCE,C016,A_FULL_FACTORIAL,0,24,2.0,0,0.0,0,0.0,0,0.0,0,0.0
REFERENCE-C017,REFERENCE,C017,A_FULL_FACTORIAL,0,24,2.0,0,0.0,0,0.0,0,0.0,6,2.0
REFERENCE-C018,REFERENCE,C018,A_FULL_FACTORIAL,0,24,2.0,0,0.0,0,0.0,12,2.0,0,0.0
REFERENCE-C019,REFERENCE,C019,A_FULL_FACTORIAL,0,24,2.0,0,0.0,0,0.0,12,2.0,6,2.0
REFERENCE-C020,REFERENCE,C020,A_FULL_FACTORIAL,0,24,2.0,0,0.0,98304,2.0,0,0.0,0,0.0
REFERENCE-C021,REFERENCE,C021,A_FULL_FACTORIAL,0,24,2.0,0,0.0,98304,2.0,0,0.0,6,2.0
REFERENCE-C022,REFERENCE,C022,A_FULL_FACTORIAL,0,24,2.0,0,0.0,98304,2.0,12,2.0,0,0.0
REFERENCE-C023,REFERENCE,C023,A_FULL_FACTORIAL,0,24,2.0,0,0.0,98304,2.0,12,2.0,6,2.0
REFERENCE-C024,REFERENCE,C024,A_FULL_FACTORIAL,0,24,2.0,12,2.0,0,0.0,0,0.0,0,0.0
REFERENCE-C025,REFERENCE,C025,A_FULL_FACTORIAL,0,24,2.0,12,2.0,0,0.0,0,0.0,6,2.0
REFERENCE-C026,REFERENCE,C026,A_FULL_FACTORIAL,0,24,2.0,12,2.0,0,0.0,12,2.0,0,0.0
REFERENCE-C027,REFERENCE,C027,A_FULL_FACTORIAL,0,24,2.0,12,2.0,0,0.0,12,2.0,6,2.0
REFERENCE-C028,REFERENCE,C028,A_FULL_FACTORIAL,0,24,2.0,12,2.0,98304,2.0,0,0.0,0,0.0
REFERENCE-C029,REFERENCE,C029,A_FULL_FACTORIAL,0,24,2.0,12,2.0,98304,2.0,0,0.0,6,2.0
REFERENCE-C030,REFERENCE,C030,A_FULL_FACTORIAL,0,24,2.0,12,2.0,98304,2.0,12,2.0,0,0.0
REFERENCE-C031,REFERENCE,C031,A_FULL_FACTORIAL,0,24,2.0,12,2.0,98304,2.0,12,2.0,6,2.0
REFERENCE-C032,REFERENCE,C032,B_AXIAL,0,0,0.0,4,1.0,32768,1.0,4,1.0,2,1.0
REFERENCE-C033,REFERENCE,C033,B_AXIAL,0,24,2.0,4,1.0,32768,1.0,4,1.0,2,1.0
REFERENCE-C034,REFERENCE,C034,B_AXIAL,0,8,1.0,0,0.0,32768,1.0,4,1.0,2,1.0
REFERENCE-C035,REFERENCE,C035,B_AXIAL,0,8,1.0,12,2.0,32768,1.0,4,1.0,2,1.0
REFERENCE-C036,REFERENCE,C036,B_AXIAL,0,8,1.0,4,1.0,0,0.0,4,1.0,2,1.0
REFERENCE-C037,REFERENCE,C037,B_AXIAL,0,8,1.0,4,1.0,98304,2.0,4,1.0,2,1.0
REFERENCE-C038,REFERENCE,C038,B_AXIAL,0,8,1.0,4,1.0,32768,1.0,0,0.0,2,1.0
REFERENCE-C039,REFERENCE,C039,B_AXIAL,0,8,1.0,4,1.0,32768,1.0,12,2.0,2,1.0
REFERENCE-C040,REFERENCE,C040,B_AXIAL,0,8,1.0,4,1.0,32768,1.0,4,1.0,0,0.0
REFERENCE-C041,REFERENCE,C041,B_AXIAL,0,8,1.0,4,1.0,32768,1.0,4,1.0,6,2.0
REFERENCE-C042,REFERENCE,C042,B_CENTER_REPLICATE,0,8,1.0,4,1.0,32768,1.0,4,1.0,2,1.0
REFERENCE-C043,REFERENCE,C043,B_CENTER_REPLICATE,0,8,1.0,4,1.0,32768,1.0,4,1.0,2,1.0
REFERENCE-C044,REFERENCE,C044,B_CENTER_REPLICATE,0,8,1.0,4,1.0,32768,1.0,4,1.0,2,1.0
REFERENCE-C045,REFERENCE,C045,B_CENTER_REPLICATE,0,8,1.0,4,1.0,32768,1.0,4,1.0,2,1.0
REFERENCE-C046,REFERENCE,C046,B_CENTER_REPLICATE,0,8,1.0,4,1.0,32768,1.0,4,1.0,2,1.0
REFERENCE-C047,REFERENCE,C047,B_CENTER_REPLICATE,0,8,1.0,4,1.0,32768,1.0,4,1.0,2,1.0
REFERENCE-C048,REFERENCE,C048,B_ALL_OFF_REPLICATE,0,0,0.0,0,0.0,0,0.0,0,0.0,0,0.0
REFERENCE-C049,REFERENCE,C049,B_ALL_OFF_REPLICATE,0,0,0.0,0,0.0,0,0.0,0,0.0,0,0.0
REFERENCE-C050,REFERENCE,C050,B_ALL_OFF_REPLICATE,0,0,0.0,0,0.0,0,0.0,0,0.0,0,0.0
REFERENCE-C051,REFERENCE,C051,B_ALL_OFF_REPLICATE,0,0,0.0,0,0.0,0,0.0,0,0.0,0,0.0
REFERENCE-C052,REFERENCE,C052,B_ALL_HIGH_REPLICATE,0,24,2.0,12,2.0,98304,2.0,12,2.0,6,2.0
REFERENCE-C053,REFERENCE,C053,B_ALL_HIGH_REPLICATE,0,24,2.0,12,2.0,98304,2.0,12,2.0,6,2.0
REFERENCE-C054,REFERENCE,C054,B_ALL_HIGH_REPLICATE,0,24,2.0,12,2.0,98304,2.0,12,2.0,6,2.0
REFERENCE-C055,REFERENCE,C055,B_ALL_HIGH_REPLICATE,0,24,2.0,12,2.0,98304,2.0,12,2.0,6,2.0
LARGE-C000,LARGE,C000,A_FULL_FACTORIAL,1,0,0.0,0,0.0,0,0.0,0,0.0,0,0.0
LARGE-C001,LARGE,C001,A_FULL_FACTORIAL,1,0,0.0,0,0.0,0,0.0,0,0.0,6,2.0
LARGE-C002,LARGE,C002,A_FULL_FACTORIAL,1,0,0.0,0,0.0,0,0.0,12,2.0,0,0.0
LARGE-C003,LARGE,C003,A_FULL_FACTORIAL,1,0,0.0,0,0.0,0,0.0,12,2.0,6,2.0
LARGE-C004,LARGE,C004,A_FULL_FACTORIAL,1,0,0.0,0,0.0,98304,2.0,0,0.0,0,0.0
LARGE-C005,LARGE,C005,A_FULL_FACTORIAL,1,0,0.0,0,0.0,98304,2.0,0,0.0,6,2.0
LARGE-C006,LARGE,C006,A_FULL_FACTORIAL,1,0,0.0,0,0.0,98304,2.0,12,2.0,0,0.0
LARGE-C007,LARGE,C007,A_FULL_FACTORIAL,1,0,0.0,0,0.0,98304,2.0,12,2.0,6,2.0
LARGE-C008,LARGE,C008,A_FULL_FACTORIAL,1,0,0.0,12,2.0,0,0.0,0,0.0,0,0.0
LARGE-C009,LARGE,C009,A_FULL_FACTORIAL,1,0,0.0,12,2.0,0,0.0,0,0.0,6,2.0
LARGE-C010,LARGE,C010,A_FULL_FACTORIAL,1,0,0.0,12,2.0,0,0.0,12,2.0,0,0.0
LARGE-C011,LARGE,C011,A_FULL_FACTORIAL,1,0,0.0,12,2.0,0,0.0,12,2.0,6,2.0
LARGE-C012,LARGE,C012,A_FULL_FACTORIAL,1,0,0.0,12,2.0,98304,2.0,0,0.0,0,0.0
LARGE-C013,LARGE,C013,A_FULL_FACTORIAL,1,0,0.0,12,2.0,98304,2.0,0,0.0,6,2.0
LARGE-C014,LARGE,C014,A_FULL_FACTORIAL,1,0,0.0,12,2.0,98304,2.0,12,2.0,0,0.0
LARGE-C015,LARGE,C015,A_FULL_FACTORIAL,1,0,0.0,12,2.0,98304,2.0,12,2.0,6,2.0
LARGE-C016,LARGE,C016,A_FULL_FACTORIAL,1,24,2.0,0,0.0,0,0.0,0,0.0,0,0.0
LARGE-C017,LARGE,C017,A_FULL_FACTORIAL,1,24,2.0,0,0.0,0,0.0,0,0.0,6,2.0
LARGE-C018,LARGE,C018,A_FULL_FACTORIAL,1,24,2.0,0,0.0,0,0.0,12,2.0,0,0.0
LARGE-C019,LARGE,C019,A_FULL_FACTORIAL,1,24,2.0,0,0.0,0,0.0,12,2.0,6,2.0
LARGE-C020,LARGE,C020,A_FULL_FACTORIAL,1,24,2.0,0,0.0,98304,2.0,0,0.0,0,0.0
LARGE-C021,LARGE,C021,A_FULL_FACTORIAL,1,24,2.0,0,0.0,98304,2.0,0,0.0,6,2.0
LARGE-C022,LARGE,C022,A_FULL_FACTORIAL,1,24,2.0,0,0.0,98304,2.0,12,2.0,0,0.0
LARGE-C023,LARGE,C023,A_FULL_FACTORIAL,1,24,2.0,0,0.0,98304,2.0,12,2.0,6,2.0
LARGE-C024,LARGE,C024,A_FULL_FACTORIAL,1,24,2.0,12,2.0,0,0.0,0,0.0,0,0.0
LARGE-C025,LARGE,C025,A_FULL_FACTORIAL,1,24,2.0,12,2.0,0,0.0,0,0.0,6,2.0
LARGE-C026,LARGE,C026,A_FULL_FACTORIAL,1,24,2.0,12,2.0,0,0.0,12,2.0,0,0.0
LARGE-C027,LARGE,C027,A_FULL_FACTORIAL,1,24,2.0,12,2.0,0,0.0,12,2.0,6,2.0
LARGE-C028,LARGE,C028,A_FULL_FACTORIAL,1,24,2.0,12,2.0,98304,2.0,0,0.0,0,0.0
LARGE-C029,LARGE,C029,A_FULL_FACTORIAL,1,24,2.0,12,2.0,98304,2.0,0,0.0,6,2.0
LARGE-C030,LARGE,C030,A_FULL_FACTORIAL,1,24,2.0,12,2.0,98304,2.0,12,2.0,0,0.0
LARGE-C031,LARGE,C031,A_FULL_FACTORIAL,1,24,2.0,12,2.0,98304,2.0,12,2.0,6,2.0
LARGE-C032,LARGE,C032,B_AXIAL,1,0,0.0,4,1.0,32768,1.0,4,1.0,2,1.0
LARGE-C033,LARGE,C033,B_AXIAL,1,24,2.0,4,1.0,32768,1.0,4,1.0,2,1.0
LARGE-C034,LARGE,C034,B_AXIAL,1,8,1.0,0,0.0,32768,1.0,4,1.0,2,1.0
LARGE-C035,LARGE,C035,B_AXIAL,1,8,1.0,12,2.0,32768,1.0,4,1.0,2,1.0
LARGE-C036,LARGE,C036,B_AXIAL,1,8,1.0,4,1.0,0,0.0,4,1.0,2,1.0
LARGE-C037,LARGE,C037,B_AXIAL,1,8,1.0,4,1.0,98304,2.0,4,1.0,2,1.0
LARGE-C038,LARGE,C038,B_AXIAL,1,8,1.0,4,1.0,32768,1.0,0,0.0,2,1.0
LARGE-C039,LARGE,C039,B_AXIAL,1,8,1.0,4,1.0,32768,1.0,12,2.0,2,1.0
LARGE-C040,LARGE,C040,B_AXIAL,1,8,1.0,4,1.0,32768,1.0,4,1.0,0,0.0
LARGE-C041,LARGE,C041,B_AXIAL,1,8,1.0,4,1.0,32768,1.0,4,1.0,6,2.0
LARGE-C042,LARGE,C042,B_CENTER_REPLICATE,1,8,1.0,4,1.0,32768,1.0,4,1.0,2,1.0
LARGE-C043,LARGE,C043,B_CENTER_REPLICATE,1,8,1.0,4,1.0,32768,1.0,4,1.0,2,1.0
LARGE-C044,LARGE,C044,B_CENTER_REPLICATE,1,8,1.0,4,1.0,32768,1.0,4,1.0,2,1.0
LARGE-C045,LARGE,C045,B_CENTER_REPLICATE,1,8,1.0,4,1.0,32768,1.0,4,1.0,2,1.0
LARGE-C046,LARGE,C046,B_CENTER_REPLICATE,1,8,1.0,4,1.0,32768,1.0,4,1.0,2,1.0
LARGE-C047,LARGE,C047,B_CENTER_REPLICATE,1,8,1.0,4,1.0,32768,1.0,4,1.0,2,1.0
LARGE-C048,LARGE,C048,B_ALL_OFF_REPLICATE,1,0,0.0,0,0.0,0,0.0,0,0.0,0,0.0
LARGE-C049,LARGE,C049,B_ALL_OFF_REPLICATE,1,0,0.0,0,0.0,0,0.0,0,0.0,0,0.0
LARGE-C050,LARGE,C050,B_ALL_OFF_REPLICATE,1,0,0.0,0,0.0,0,0.0,0,0.0,0,0.0
LARGE-C051,LARGE,C051,B_ALL_OFF_REPLICATE,1,0,0.0,0,0.0,0,0.0,0,0.0,0,0.0
LARGE-C052,LARGE,C052,B_ALL_HIGH_REPLICATE,1,24,2.0,12,2.0,98304,2.0,12,2.0,6,2.0
LARGE-C053,LARGE,C053,B_ALL_HIGH_REPLICATE,1,24,2.0,12,2.0,98304,2.0,12,2.0,6,2.0
LARGE-C054,LARGE,C054,B_ALL_HIGH_REPLICATE,1,24,2.0,12,2.0,98304,2.0,12,2.0,6,2.0
LARGE-C055,LARGE,C055,B_ALL_HIGH_REPLICATE,1,24,2.0,12,2.0,98304,2.0,12,2.0,6,2.0
