source_rowid,planet_name,host_name,pl_orbper_days,pl_orbsmax_au,st_mass_solar,source_snapshot,source_url
1,11 Com b,11 Com,326.03,1.29,2.7,NASA Exoplanet Archive confirmed planets export 2018-03-03,https://gist.github.com/cbt1/413352aab683447731537c4fa85aa0b8
2,11 UMi b,11 UMi,516.22,1.54,1.8,NASA Exoplanet Archive confirmed planets export 2018-03-03,https://gist.github.com/cbt1/413352aab683447731537c4fa85aa0b8
3,14 And b,14 And,185.84,0.83,2.2,NASA Exoplanet Archive confirmed planets export 2018-03-03,https://gist.github.com/cbt1/413352aab683447731537c4fa85aa0b8
4,14 Her b,14 Her,1773.4,2.77,0.9,NASA Exoplanet Archive confirmed planets export 2018-03-03,https://gist.github.com/cbt1/413352aab683447731537c4fa85aa0b8
5,16 Cyg B b,16 Cyg B,798.5,1.681,0.99,NASA Exoplanet Archive confirmed planets export 2018-03-03,https://gist.github.com/cbt1/413352aab683447731537c4fa85aa0b8
6,18 Del b,18 Del,993.3,2.6,2.3,NASA Exoplanet Archive confirmed planets export 2018-03-03,https://gist.github.com/cbt1/413352aab683447731537c4fa85aa0b8
8,24 Sex b,24 Sex,452.8,1.333,1.54,NASA Exoplanet Archive confirmed planets export 2018-03-03,https://gist.github.com/cbt1/413352aab683447731537c4fa85aa0b8
9,24 Sex c,24 Sex,883,2.08,1.54,NASA Exoplanet Archive confirmed planets export 2018-03-03,https://gist.github.com/cbt1/413352aab683447731537c4fa85aa0b8
14,2MASS J19383260+4603591 b,2MASS J19383260+4603591,416,0.92,0.48,NASA Exoplanet Archive confirmed planets export 2018-03-03,https://gist.github.com/cbt1/413352aab683447731537c4fa85aa0b8
17,30 Ari B b,30 Ari B,335.1,0.995,1.16,NASA Exoplanet Archive confirmed planets export 2018-03-03,https://gist.github.com/cbt1/413352aab683447731537c4fa85aa0b8
18,4 UMa b,4 UMa,269.3,0.87,1.23,NASA Exoplanet Archive confirmed planets export 2018-03-03,https://gist.github.com/cbt1/413352aab683447731537c4fa85aa0b8
19,42 Dra b,42 Dra,479.1,1.19,0.98,NASA Exoplanet Archive confirmed planets export 2018-03-03,https://gist.github.com/cbt1/413352aab683447731537c4fa85aa0b8
20,47 UMa b,47 UMa,1078,2.1,1.03,NASA Exoplanet Archive confirmed planets export 2018-03-03,https://gist.github.com/cbt1/413352aab683447731537c4fa85aa0b8
21,47 UMa c,47 UMa,2391,3.6,1.03,NASA Exoplanet Archive confirmed planets export 2018-03-03,https://gist.github.com/cbt1/413352aab683447731537c4fa85aa0b8
22,47 UMa d,47 UMa,14002,11.6,1.03,NASA Exoplanet Archive confirmed planets export 2018-03-03,https://gist.github.com/cbt1/413352aab683447731537c4fa85aa0b8
24,51 Peg b,51 Peg,4.230785,0.0527,1.12,NASA Exoplanet Archive confirmed planets export 2018-03-03,https://gist.github.com/cbt1/413352aab683447731537c4fa85aa0b8
25,55 Cnc b,55 Cnc,14.65152,0.115227,0.91,NASA Exoplanet Archive confirmed planets export 2018-03-03,https://gist.github.com/cbt1/413352aab683447731537c4fa85aa0b8
26,55 Cnc c,55 Cnc,44.4175,0.241376,0.91,NASA Exoplanet Archive confirmed planets export 2018-03-03,https://gist.github.com/cbt1/413352aab683447731537c4fa85aa0b8
27,55 Cnc d,55 Cnc,4825,5.503,0.91,NASA Exoplanet Archive confirmed planets export 2018-03-03,https://gist.github.com/cbt1/413352aab683447731537c4fa85aa0b8
28,55 Cnc e,55 Cnc,0.736539,0.01544,0.91,NASA Exoplanet Archive confirmed planets export 2018-03-03,https://gist.github.com/cbt1/413352aab683447731537c4fa85aa0b8
29,55 Cnc f,55 Cnc,262,0.788,0.91,NASA Exoplanet Archive confirmed planets export 2018-03-03,https://gist.github.com/cbt1/413352aab683447731537c4fa85aa0b8
30,6 Lyn b,6 Lyn,874.774,2.18,1.7,NASA Exoplanet Archive confirmed planets export 2018-03-03,https://gist.github.com/cbt1/413352aab683447731537c4fa85aa0b8
31,61 Vir b,61 Vir,4.215,0.050201,0.94,NASA Exoplanet Archive confirmed planets export 2018-03-03,https://gist.github.com/cbt1/413352aab683447731537c4fa85aa0b8
32,61 Vir c,61 Vir,38.021,0.2175,0.94,NASA Exoplanet Archive confirmed planets export 2018-03-03,https://gist.github.com/cbt1/413352aab683447731537c4fa85aa0b8
33,61 Vir d,61 Vir,123.01,0.476,0.94,NASA Exoplanet Archive confirmed planets export 2018-03-03,https://gist.github.com/cbt1/413352aab683447731537c4fa85aa0b8
34,7 CMa b,7 CMa,796,1.93,1.52,NASA Exoplanet Archive confirmed planets export 2018-03-03,https://gist.github.com/cbt1/413352aab683447731537c4fa85aa0b8
35,70 Vir b,70 Vir,116.6926,0.481,1.09,NASA Exoplanet Archive confirmed planets export 2018-03-03,https://gist.github.com/cbt1/413352aab683447731537c4fa85aa0b8
36,75 Cet b,75 Cet,691.9,2.1,2.49,NASA Exoplanet Archive confirmed planets export 2018-03-03,https://gist.github.com/cbt1/413352aab683447731537c4fa85aa0b8
37,8 UMi b,8 UMi,93.4,0.49,1.8,NASA Exoplanet Archive confirmed planets export 2018-03-03,https://gist.github.com/cbt1/413352aab683447731537c4fa85aa0b8
38,81 Cet b,81 Cet,952.7,2.5,2.4,NASA Exoplanet Archive confirmed planets export 2018-03-03,https://gist.github.com/cbt1/413352aab683447731537c4fa85aa0b8
39,91 Aqr b,91 Aqr,181.4,0.7,1.4,NASA Exoplanet Archive confirmed planets export 2018-03-03,https://gist.github.com/cbt1/413352aab683447731537c4fa85aa0b8
41,BD+03 2562 b,BD+03 2562,481.9,1.3,1.14,NASA Exoplanet Archive confirmed planets export 2018-03-03,https://gist.github.com/cbt1/413352aab683447731537c4fa85aa0b8
42,BD+14 4559 b,BD+14 4559,268.94,0.777,0.86,NASA Exoplanet Archive confirmed planets export 2018-03-03,https://gist.github.com/cbt1/413352aab683447731537c4fa85aa0b8
43,BD+15 2375 b,BD+15 2375,153.22,0.576,1.08,NASA Exoplanet Archive confirmed planets export 2018-03-03,https://gist.github.com/cbt1/413352aab683447731537c4fa85aa0b8
44,BD+15 2940 b,BD+15 2940,137.48,0.539,1.1,NASA Exoplanet Archive confirmed planets export 2018-03-03,https://gist.github.com/cbt1/413352aab683447731537c4fa85aa0b8
45,BD+20 1790 b,BD+20 1790,7.78287,0.066,0.63,NASA Exoplanet Archive confirmed planets export 2018-03-03,https://gist.github.com/cbt1/413352aab683447731537c4fa85aa0b8
46,BD+20 2457 b,BD+20 2457,379.63,1.45,2.8,NASA Exoplanet Archive confirmed planets export 2018-03-03,https://gist.github.com/cbt1/413352aab683447731537c4fa85aa0b8
47,BD+20 2457 c,BD+20 2457,621.99,2.01,2.8,NASA Exoplanet Archive confirmed planets export 2018-03-03,https://gist.github.com/cbt1/413352aab683447731537c4fa85aa0b8
48,BD+20 274 b,BD+20 274,578.2,1.3,0.8,NASA Exoplanet Archive confirmed planets export 2018-03-03,https://gist.github.com/cbt1/413352aab683447731537c4fa85aa0b8
49,BD+20 594 b,BD+20 594,41.6855,0.241,0.96,NASA Exoplanet Archive confirmed planets export 2018-03-03,https://gist.github.com/cbt1/413352aab683447731537c4fa85aa0b8
50,BD+48 738 b,BD+48 738,392.6,1,0.74,NASA Exoplanet Archive confirmed planets export 2018-03-03,https://gist.github.com/cbt1/413352aab683447731537c4fa85aa0b8
51,BD+48 740 b,BD+48 740,733,1.7,1.09,NASA Exoplanet Archive confirmed planets export 2018-03-03,https://gist.github.com/cbt1/413352aab683447731537c4fa85aa0b8
52,BD+49 828 b,BD+49 828,2590,4.2,1.52,NASA Exoplanet Archive confirmed planets export 2018-03-03,https://gist.github.com/cbt1/413352aab683447731537c4fa85aa0b8
53,BD-06 1339 b,BD-06 1339,3.8728,0.0428,0.7,NASA Exoplanet Archive confirmed planets export 2018-03-03,https://gist.github.com/cbt1/413352aab683447731537c4fa85aa0b8
54,BD-06 1339 c,BD-06 1339,125.94,0.435,0.7,NASA Exoplanet Archive confirmed planets export 2018-03-03,https://gist.github.com/cbt1/413352aab683447731537c4fa85aa0b8
55,BD-08 2823 b,BD-08 2823,5.6,0.056,0.74,NASA Exoplanet Archive confirmed planets export 2018-03-03,https://gist.github.com/cbt1/413352aab683447731537c4fa85aa0b8
56,BD-08 2823 c,BD-08 2823,237.6,0.68,0.74,NASA Exoplanet Archive confirmed planets export 2018-03-03,https://gist.github.com/cbt1/413352aab683447731537c4fa85aa0b8
57,BD-10 3166 b,BD-10 3166,3.48777,0.0452,1.01,NASA Exoplanet Archive confirmed planets export 2018-03-03,https://gist.github.com/cbt1/413352aab683447731537c4fa85aa0b8
58,BD-11 4672 b,BD-11 4672,1667,2.28,0.57,NASA Exoplanet Archive confirmed planets export 2018-03-03,https://gist.github.com/cbt1/413352aab683447731537c4fa85aa0b8
59,BD-13 2130 b,BD-13 2130,714.3,2.1,2.4,NASA Exoplanet Archive confirmed planets export 2018-03-03,https://gist.github.com/cbt1/413352aab683447731537c4fa85aa0b8
